1572527854024257, 96, nilfs2
1572527854028952, 336, nilfs2
1572527854032782, 552, nilfs2
1572527854035954, 768, nilfs2
1572527854041751, 864, nilfs2
1572527854046095, 1080, nilfs2
1572527854064721, 1296, nilfs2
1572527854077201, 1400, nilfs2
1572527854080788, 1640, nilfs2
1572527854084042, 1856, nilfs2
1572527854088616, 2080, nilfs2
1572527854090166, 2192, nilfs2
1572527854092241, 2416, nilfs2
1572527854108713, 2632, nilfs2
1572527854144578, 2736, nilfs2
1572527854147124, 2976, nilfs2
1572527854151024, 3192, nilfs2
1572527854153936, 3408, nilfs2
1572527854155425, 3528, nilfs2
1572527854157073, 3744, nilfs2
1572527854175094, 3976, nilfs2
1572527854182451, 4096, nilfs2
1572527854185429, 4344, nilfs2
1572527854189474, 4568, nilfs2
1572527854191233, 4792, nilfs2
1572527854193396, 4952, nilfs2
1572527854195106, 5176, nilfs2
1572527854214264, 5400, nilfs2
1572527854219362, 5512, nilfs2
1572527854223260, 5768, nilfs2
1572527854225300, 6000, nilfs2
1572527854227489, 6224, nilfs2
1572527854230232, 6456, nilfs2
1572527854232656, 6688, nilfs2
1572527854251683, 6912, nilfs2
1572527854257962, 7032, nilfs2
1572527854260329, 7408, nilfs2
1572527854262114, 7768, nilfs2
1572527854267320, 8128, nilfs2
1572527854271412, 8232, nilfs2
1572527854273967, 8584, nilfs2
1572527854287718, 8944, nilfs2
1572527854293468, 9064, nilfs2
1572527854295361, 9440, nilfs2
1572527854299322, 9792, nilfs2
1572527854304958, 10144, nilfs2
1572527854306855, 10256, nilfs2
1572527854310962, 10616, nilfs2
1572527854325832, 10976, nilfs2
1572527854333366, 11088, nilfs2
1572527854336853, 11464, nilfs2
1572527854339602, 11816, nilfs2
1572527854340996, 12176, nilfs2
1572527854342958, 12312, nilfs2
1572527854344205, 12664, nilfs2
1572527854357960, 13016, nilfs2
1572527854371942, 13128, nilfs2
1572527854374092, 13512, nilfs2
1572527854376074, 13872, nilfs2
1572527854377843, 14224, nilfs2
1572527854379374, 14384, nilfs2
1572527854380651, 14736, nilfs2
1572527854393676, 15096, nilfs2
1572527854403171, 15216, nilfs2
1572527854405441, 15592, nilfs2
1572527854407429, 15952, nilfs2
1572527854408580, 16312, nilfs2
1572527854408671, 16384, nilfs2
1572527854410259, 16552, nilfs2
1572527854410323, 399992, nilfs2
1572527854413070, 16912, nilfs2
1572527854427217, 17264, nilfs2
1572527854434716, 17384, nilfs2
1572527854438816, 17760, nilfs2
1572527854440790, 18120, nilfs2
1572527854442060, 18480, nilfs2
1572527854443884, 18832, nilfs2
1572527854445106, 19192, nilfs2
1572527854459276, 19552, nilfs2
1572527854464539, 19664, nilfs2
1572527854468004, 20296, nilfs2
1572527854472524, 20912, nilfs2
1572527854474921, 21528, nilfs2
1572527854476578, 21632, nilfs2
1572527854478492, 22248, nilfs2
1572527854494500, 22864, nilfs2
1572527854500040, 22976, nilfs2
1572527854505110, 23616, nilfs2
1572527854507910, 24232, nilfs2
1572527854510290, 24848, nilfs2
1572527854511914, 24968, nilfs2
1572527854513994, 25592, nilfs2
1572527854529508, 26208, nilfs2
1572527854536697, 26320, nilfs2
1572527854540511, 26960, nilfs2
1572527854542440, 27576, nilfs2
1572527854544684, 28192, nilfs2
1572527854545799, 28328, nilfs2
1572527854548294, 28944, nilfs2
1572527854562642, 29560, nilfs2
1572527854571908, 29688, nilfs2
1572527854574852, 30328, nilfs2
1572527854577288, 30944, nilfs2
1572527854580233, 31560, nilfs2
1572527854581374, 31720, nilfs2
1572527854583665, 32336, nilfs2
1572527854583813, 32768, nilfs2
1572527854598453, 32960, nilfs2
1572527854606256, 33072, nilfs2
1572527854608645, 33712, nilfs2
1572527854610764, 34328, nilfs2
1572527854612967, 34944, nilfs2
1572527854614704, 35176, nilfs2
1572527854616460, 35792, nilfs2
1572527854630955, 36408, nilfs2
1572527854636132, 36520, nilfs2
1572527854639413, 37160, nilfs2
1572527854645162, 37776, nilfs2
1572527854647535, 38392, nilfs2
1572527854649128, 38752, nilfs2
1572527854652461, 39368, nilfs2
1572527854670752, 39984, nilfs2
1572527854676515, 40104, nilfs2
1572527854678986, 40736, nilfs2
1572527854681561, 41352, nilfs2
1572527854684130, 41968, nilfs2
1572527854686222, 42584, nilfs2
1572527854688782, 43208, nilfs2
1572527854708338, 43832, nilfs2
1572527854713808, 43952, nilfs2
1572527854717764, 45112, nilfs2
1572527854722014, 46256, nilfs2
1572527854725868, 47400, nilfs2
1572527854727876, 47520, nilfs2
1572527854730528, 48664, nilfs2
1572527854730904, 49152, nilfs2
1572527854751074, 49824, nilfs2
1572527854751173, 399992, nilfs2
1572527854757269, 49960, nilfs2
1572527854761442, 51120, nilfs2
1572527854765931, 52264, nilfs2
1572527854771344, 53408, nilfs2
1572527854774013, 53536, nilfs2
1572527854777479, 54680, nilfs2
1572527854793446, 55824, nilfs2
1572527854800521, 55952, nilfs2
1572527854806542, 57112, nilfs2
1572527854810621, 58256, nilfs2
1572527854813810, 59400, nilfs2
1572527854816536, 59552, nilfs2
1572527854819810, 60704, nilfs2
1572527854857359, 61848, nilfs2
1572527854862991, 61976, nilfs2
1572527854866483, 63136, nilfs2
1572527854870152, 64280, nilfs2
1572527854874247, 65424, nilfs2
1572527854874257, 65536, nilfs2
1572527854877971, 65608, nilfs2
1572527854881519, 66752, nilfs2
1572527854897465, 67896, nilfs2
1572527854908732, 68024, nilfs2
1572527854912726, 69184, nilfs2
1572527854916638, 70328, nilfs2
1572527854919279, 71472, nilfs2
1572527854922140, 71712, nilfs2
1572527854926121, 72856, nilfs2
1572527854943779, 74000, nilfs2
1572527854949075, 74128, nilfs2
1572527854954020, 75288, nilfs2
1572527854968783, 76432, nilfs2
1572527854974018, 77576, nilfs2
1572527854976954, 77952, nilfs2
1572527854980412, 79096, nilfs2
1572527854998085, 80240, nilfs2
1572527855015411, 80376, nilfs2
1572527855018614, 81536, nilfs2
1572527855018972, 81920, nilfs2
1572527855022794, 82696, nilfs2
1572527855026551, 83840, nilfs2
1572527855029882, 84464, nilfs2
1572527855033386, 85608, nilfs2
1572527855051362, 86752, nilfs2
1572527855051549, 399992, nilfs2
1572527855058872, 86880, nilfs2
1572527855063412, 88040, nilfs2
1572527855067118, 89184, nilfs2
1572527855073830, 90328, nilfs2
1572527855078904, 91472, nilfs2
1572527855088701, 92616, nilfs2
1572527855104460, 93760, nilfs2
1572527855113806, 93888, nilfs2
1572527855113838, 95936, nilfs2
1572527855120076, 96096, nilfs2
1572527855120107, 98144, nilfs2
1572527855127073, 98304, nilfs2
1572527855127105, 100352, nilfs2
1572527855132592, 100504, nilfs2
1572527855135323, 100624, nilfs2
1572527855135360, 102672, nilfs2
1572527855142516, 102824, nilfs2
1572527855142545, 104872, nilfs2
1572527855161211, 105024, nilfs2
1572527855167949, 105160, nilfs2
1572527855167978, 107208, nilfs2
1572527855175718, 107376, nilfs2
1572527855175749, 109424, nilfs2
1572527855183273, 109584, nilfs2
1572527855183303, 111632, nilfs2
1572527855188446, 111784, nilfs2
1572527855191560, 111912, nilfs2
1572527855191591, 113960, nilfs2
1572527855197092, 114112, nilfs2
1572527855197842, 114688, nilfs2
1572527855219000, 116312, nilfs2
1572527855219274, 399992, nilfs2
1572527855227225, 116448, nilfs2
1572527855227254, 118496, nilfs2
1572527855274909, 118664, nilfs2
1572527855274953, 120712, nilfs2
1572527855281544, 120872, nilfs2
1572527855281571, 122920, nilfs2
1572527855287495, 123072, nilfs2
1572527855290698, 123216, nilfs2
1572527855290728, 125264, nilfs2
1572527855296694, 125416, nilfs2
1572527855296722, 127464, nilfs2
1572527855316380, 127616, nilfs2
1572527855323482, 127760, nilfs2
1572527855323511, 129808, nilfs2
1572527855328560, 129968, nilfs2
1572527855329086, 131072, nilfs2
1572527855339200, 132168, nilfs2
1572527855339995, 134216, nilfs2
1572527855347083, 134368, nilfs2
1572527855349824, 134544, nilfs2
1572527855350113, 136592, nilfs2
1572527855393544, 136744, nilfs2
1572527855393824, 138792, nilfs2
1572527855412697, 138944, nilfs2
1572527855412982, 399992, nilfs2
1572527855419472, 139080, nilfs2
1572527855420395, 141128, nilfs2
1572527855426562, 141288, nilfs2
1572527855426831, 143336, nilfs2
1572527855432252, 143488, nilfs2
1572527855432516, 145536, nilfs2
1572527855439309, 145688, nilfs2
1572527855443056, 145928, nilfs2
1572527855443571, 147456, nilfs2
1572527855448943, 148128, nilfs2
1572527855449219, 150176, nilfs2
1572527855466678, 150328, nilfs2
1572527855480570, 150472, nilfs2
1572527855480849, 152520, nilfs2
1572527855487225, 152696, nilfs2
1572527855488677, 154744, nilfs2
1572527855495292, 154904, nilfs2
1572527855495599, 156952, nilfs2
1572527855506304, 157112, nilfs2
1572527855511011, 157472, nilfs2
1572527855511321, 159520, nilfs2
1572527855518261, 159688, nilfs2
1572527855518534, 161736, nilfs2
1572527855534678, 161896, nilfs2
1572527855544159, 162040, nilfs2
1572527855544561, 163840, nilfs2
1572527855575105, 164240, nilfs2
1572527855575381, 166288, nilfs2
1572527855582370, 166432, nilfs2
1572527855582645, 168480, nilfs2
1572527855588911, 168624, nilfs2
1572527855593554, 169240, nilfs2
1572527855593820, 171288, nilfs2
1572527855620402, 171432, nilfs2
1572527855620749, 173480, nilfs2
1572527855638116, 173624, nilfs2
1572527855638266, 399992, nilfs2
1572527855645286, 173768, nilfs2
1572527855645586, 175816, nilfs2
1572527855651613, 175976, nilfs2
1572527855652066, 178024, nilfs2
1572527855662616, 178168, nilfs2
1572527855662894, 180216, nilfs2
1572527855662970, 180224, nilfs2
1572527855670810, 180368, nilfs2
1572527855677186, 181512, nilfs2
1572527855677574, 183560, nilfs2
1572527855684808, 183704, nilfs2
1572527855684894, 185752, nilfs2
1572527855719238, 185896, nilfs2
1572527855727605, 186032, nilfs2
1572527855727637, 188080, nilfs2
1572527855733387, 188232, nilfs2
1572527855733415, 190280, nilfs2
1572527855742360, 190424, nilfs2
1572527855742391, 192472, nilfs2
1572527855771792, 192616, nilfs2
1572527855771828, 194664, nilfs2
1572527855777673, 194808, nilfs2
1572527855777866, 196608, nilfs2
1572527855786249, 197000, nilfs2
1572527855786292, 199048, nilfs2
1572527855803840, 199192, nilfs2
1572527855804307, 399992, nilfs2
1572527855813227, 199328, nilfs2
1572527855813259, 201376, nilfs2
1572527855813275, 203424, nilfs2
1572527855846762, 203608, nilfs2
1572527855846796, 205656, nilfs2
1572527855846813, 207704, nilfs2
1572527855859614, 207896, nilfs2
1572527855859648, 209944, nilfs2
1572527855859665, 211992, nilfs2
1572527855868994, 212192, nilfs2
1572527855871529, 212304, nilfs2
1572527855873180, 212992, nilfs2
1572527855873219, 215040, nilfs2
1572527860897777, 216592, nilfs2
