Block Number,Time,
1572535345769590 ,46962688, ext4
1572535345769650 ,46964736, ext4
1572535345769720 ,46966784, ext4
1572535345769790 ,46968832, ext4
1572535345769850 ,46970880, ext4
1572535345769920 ,46972928, ext4
1572535345769980 ,46974976, ext4
1572535345770050 ,46977024, ext4
1572535345770110 ,46979072, ext4
1572535345770180 ,46981120, ext4
1572535345770240 ,46983168, ext4
1572535345770310 ,46985216, ext4
1572535345770380 ,46987264, ext4
1572535345770460 ,46989312, ext4
1572535345770530 ,46991360, ext4
1572535345770600 ,46993408, ext4
1572535345770660 ,46995456, ext4
1572535345890640 ,46997512, ext4
1572535345890710 ,46999560, ext4
1572535345890770 ,47001608, ext4
1572535345890830 ,47003656, ext4
1572535345890890 ,47005704, ext4
1572535345890950 ,47007752, ext4
1572535345891030 ,47009800, ext4
1572535345891090 ,47011848, ext4
1572535345891140 ,47013896, ext4
1572535345891200 ,47015944, ext4
1572535345891260 ,47017992, ext4
1572535345891320 ,47020040, ext4
1572535345891380 ,47022088, ext4
1572535345891450 ,47024136, ext4
1572535345891510 ,47026184, ext4
1572535345891570 ,47028232, ext4
1572535345891630 ,47030280, ext4
1572535345891890 ,47032328, ext4
1572535345891950 ,47034376, ext4
1572535345892010 ,47036424, ext4
1572535345892070 ,47038472, ext4
1572535345892130 ,47040520, ext4
1572535345892190 ,47042568, ext4
1572535345892250 ,47044616, ext4
1572535345892310 ,47046664, ext4
1572535345892360 ,47048712, ext4
1572535345892440 ,47050760, ext4
1572535345892500 ,47052808, ext4
1572535345892560 ,47054856, ext4
1572535345892620 ,47056904, ext4
1572535345892670 ,47058952, ext4
1572535345892730 ,47061000, ext4
1572535345892790 ,47063048, ext4
1572535345892910 ,47065096, ext4
1572535345892960 ,47067144, ext4
1572535345893020 ,47069192, ext4
1572535345893080 ,47071240, ext4
1572535345893140 ,47073288, ext4
1572535345893200 ,47075336, ext4
1572535345893260 ,47077384, ext4
1572535345893320 ,47079432, ext4
1572535345893390 ,47081480, ext4
1572535345893450 ,47083528, ext4
1572535345893500 ,47085576, ext4
1572535345893560 ,47087624, ext4
1572535345893620 ,47089672, ext4
1572535345893680 ,47091720, ext4
1572535345893740 ,47093768, ext4
1572535345893800 ,47095816, ext4
1572535345893880 ,47097864, ext4
1572535345893940 ,47099912, ext4
1572535345894000 ,47101960, ext4
1572535345894060 ,47104008, ext4
1572535345894120 ,47106056, ext4
1572535345894180 ,47108104, ext4
1572535345894230 ,47110152, ext4
1572535345894290 ,47112200, ext4
1572535345894360 ,47114248, ext4
1572535345894420 ,47116296, ext4
1572535345894480 ,47118344, ext4
1572535345894540 ,47120392, ext4
1572535345894600 ,47122440, ext4
1572535345894650 ,47124488, ext4
1572535345894710 ,47126536, ext4
1572535345894770 ,47128584, ext4
1572535345894840 ,47130632, ext4
1572535345894890 ,47132680, ext4
1572535345894950 ,47134728, ext4
1572535345895010 ,47136776, ext4
1572535345895070 ,47138824, ext4
1572535345895130 ,47140872, ext4
1572535345895180 ,47142920, ext4
1572535345895240 ,47144968, ext4
1572535345895300 ,47147016, ext4
1572535345895370 ,47149064, ext4
1572535345895430 ,47151112, ext4
1572535345895490 ,47153160, ext4
1572535345895550 ,47155208, ext4
1572535345895610 ,47157256, ext4
1572535345895670 ,47159304, ext4
1572535345895740 ,47161352, ext4
1572535345895800 ,47163400, ext4
1572535345895860 ,47165448, ext4
1572535345895920 ,47167496, ext4
1572535345895980 ,47169544, ext4
1572535345896040 ,47171592, ext4
1572535345896110 ,47173640, ext4
1572535345896170 ,47175688, ext4
1572535345896240 ,47177736, ext4
1572535345896320 ,47179784, ext4
1572535345896400 ,47181832, ext4
1572535345896460 ,47183880, ext4
1572535345896520 ,47185928, ext4
1572535345896580 ,47187976, ext4
1572535345896660 ,47190024, ext4
1572535345896730 ,47192072, ext4
1572535345896810 ,47194120, ext4
1572535345896890 ,47196168, ext4
1572535345896990 ,47198216, ext4
1572535345897050 ,47200264, ext4
1572535345897110 ,47202312, ext4
1572535345897170 ,47204360, ext4
1572535345897220 ,47206408, ext4
1572535345897290 ,47208456, ext4
1572535345897350 ,47210504, ext4
1572535345897410 ,47212552, ext4
1572535345897470 ,47214600, ext4
1572535345897530 ,47216648, ext4
1572535345897580 ,47218696, ext4
1572535345897640 ,47220744, ext4
1572535345897700 ,47222792, ext4
1572535345897760 ,47224840, ext4
1572535345897820 ,47226888, ext4
1572535345897880 ,47228936, ext4
1572535345897940 ,47230984, ext4
1572535345898000 ,47233032, ext4
1572535345898060 ,47235080, ext4
1572535345898110 ,47237128, ext4
1572535345898170 ,47239176, ext4
1572535345898230 ,47241224, ext4
1572535345898300 ,47243272, ext4
1572535345898360 ,47245320, ext4
1572535345898420 ,47247368, ext4
1572535345898470 ,47249416, ext4
1572535345898530 ,47251464, ext4
1572535345898590 ,47253512, ext4
1572535345898650 ,47255560, ext4
1572535345898710 ,47257608, ext4
1572535345898770 ,47259656, ext4
1572535345898830 ,47261704, ext4
1572535345898890 ,47263752, ext4
1572535345898950 ,47265800, ext4
1572535345899000 ,47267848, ext4
1572535345899060 ,47269896, ext4
1572535345899120 ,47271944, ext4
1572535345899180 ,47273992, ext4
1572535345899250 ,47276040, ext4
1572535345899310 ,47278088, ext4
1572535345899370 ,47280136, ext4
1572535345899420 ,47282184, ext4
1572535345899480 ,47284232, ext4
1572535345899540 ,47286280, ext4
1572535345899600 ,47288328, ext4
1572535345899660 ,47290376, ext4
1572535345899720 ,47292424, ext4
1572535345899780 ,47294472, ext4
1572535345899840 ,47296520, ext4
1572535345899900 ,47298568, ext4
1572535345899950 ,47300616, ext4
1572535345900010 ,47302664, ext4
1572535345900070 ,47304712, ext4
1572535345900130 ,47306760, ext4
1572535345900190 ,47308808, ext4
1572535345900260 ,47310856, ext4
1572535345900320 ,47312904, ext4
1572535345900380 ,47314952, ext4
1572535345900440 ,47317000, ext4
1572535345900500 ,47319048, ext4
1572535345900560 ,47321096, ext4
1572535345900610 ,47323144, ext4
1572535345991010 ,46997504, ext4
1572535345991090 ,47325200, ext4
1572535345991170 ,47327248, ext4
1572535345991230 ,47329296, ext4
1572535345991290 ,47331344, ext4
1572535345991350 ,47333392, ext4
1572535345991410 ,47335440, ext4
1572535345991470 ,47337488, ext4
1572535345991530 ,47339536, ext4
1572535345991580 ,47341584, ext4
1572535345991640 ,47343632, ext4
1572535345991700 ,47345680, ext4
1572535345991760 ,47347728, ext4
1572535345991820 ,47349776, ext4
1572535345991880 ,47351824, ext4
1572535345991950 ,47353872, ext4
1572535345992010 ,47355920, ext4
1572535345992080 ,47357960, ext4
1572535345992140 ,47360008, ext4
1572535345992200 ,47362056, ext4
1572535345992260 ,47364104, ext4
1572535345992320 ,47562752, ext4
1572535345992490 ,47564800, ext4
1572535345992550 ,47566848, ext4
1572535345992610 ,47568896, ext4
1572535345992670 ,47570944, ext4
1572535345992730 ,47572992, ext4
1572535345992780 ,47575040, ext4
1572535345992840 ,47577088, ext4
1572535345992900 ,47579136, ext4
1572535345993000 ,47581184, ext4
1572535345993050 ,47583232, ext4
1572535345993110 ,47585280, ext4
1572535346327780 ,47325192, ext4
1572535346327840 ,47587336, ext4
1572535346327900 ,47589384, ext4
1572535346327960 ,47591432, ext4
1572535346328020 ,47593480, ext4
1572535346328080 ,47595528, ext4
1572535346328140 ,47597576, ext4
1572535346328200 ,47599624, ext4
1572535346328250 ,47601672, ext4
1572535346328310 ,47603720, ext4
1572535346328370 ,47605768, ext4
1572535346328430 ,47607816, ext4
1572535346328490 ,47609864, ext4
1572535346328550 ,47611912, ext4
1572535346328610 ,47613960, ext4
1572535346328680 ,47616008, ext4
1572535346328780 ,47618056, ext4
1572535346329490 ,47620104, ext4
1572535346329550 ,47622152, ext4
1572535346329610 ,47624200, ext4
1572535346329680 ,47626248, ext4
1572535346329740 ,47628296, ext4
1572535346329800 ,47630344, ext4
1572535346329860 ,47632392, ext4
1572535346329920 ,47634440, ext4
1572535346329970 ,47636488, ext4
1572535346330030 ,47638536, ext4
1572535346330090 ,47640584, ext4
1572535346330150 ,47642632, ext4
1572535346330210 ,47644680, ext4
1572535346330270 ,47646728, ext4
1572535346330330 ,47648776, ext4
1572535346330380 ,47650824, ext4
1572535346621490 ,47652872, ext4
1572535346621560 ,47654920, ext4
1572535346621620 ,47656968, ext4
1572535346621680 ,47659016, ext4
1572535346621750 ,47513600, ext4
1572535346621810 ,47515648, ext4
1572535346621880 ,47517696, ext4
1572535346621930 ,47519744, ext4
1572535346621990 ,47521792, ext4
1572535346622050 ,47523840, ext4
1572535346622110 ,47525888, ext4
1572535346622170 ,47527936, ext4
1572535346622230 ,47529984, ext4
1572535346622290 ,47532032, ext4
1572535346622350 ,47534080, ext4
1572535346622410 ,47536128, ext4
1572535346622730 ,47538176, ext4
1572535346622790 ,47540224, ext4
1572535346622840 ,47542272, ext4
1572535346622900 ,47544320, ext4
1572535346622960 ,47448064, ext4
1572535346623020 ,47450112, ext4
1572535346623080 ,47452160, ext4
1572535346623130 ,47454208, ext4
1572535346623190 ,47456256, ext4
1572535346623250 ,47458304, ext4
1572535346623310 ,47460352, ext4
1572535346623370 ,47462400, ext4
1572535346623440 ,47464448, ext4
1572535346623500 ,47466496, ext4
1572535346623560 ,47468544, ext4
1572535346623620 ,47470592, ext4
1572535347188350 ,47472640, ext4
1572535347188420 ,47474688, ext4
1572535347188480 ,47476736, ext4
1572535347188550 ,47478784, ext4
1572535347188610 ,47480832, ext4
1572535347188670 ,47482880, ext4
1572535347188720 ,47484928, ext4
1572535347188780 ,47486976, ext4
1572535347188840 ,47489024, ext4
1572535347188900 ,47491072, ext4
1572535347188960 ,47493120, ext4
1572535347189020 ,47495168, ext4
1572535347189080 ,47497216, ext4
1572535347189130 ,47499264, ext4
1572535347189190 ,47501312, ext4
1572535347189250 ,47503360, ext4
1572535347189320 ,47505408, ext4
1572535347189370 ,47507456, ext4
1572535347189430 ,47509504, ext4
1572535347189550 ,47511552, ext4
1572535347189610 ,47824896, ext4
1572535347189740 ,47826944, ext4
1572535347189800 ,47828992, ext4
1572535347189860 ,47831040, ext4
1572535347189920 ,47833088, ext4
1572535347189980 ,47835136, ext4
1572535347190040 ,47837184, ext4
1572535347190100 ,47839232, ext4
1572535347190160 ,47841280, ext4
1572535347190210 ,47843328, ext4
1572535347190270 ,47845376, ext4
1572535347190330 ,47847424, ext4
1572535347339040 ,47849472, ext4
1572535347339100 ,47851520, ext4
1572535347339160 ,47853568, ext4
1572535347339220 ,47855616, ext4
1572535347339280 ,47857664, ext4
1572535347339330 ,47859712, ext4
1572535347339390 ,47861760, ext4
1572535347339450 ,47863808, ext4
1572535347339510 ,47865856, ext4
1572535347339570 ,47867904, ext4
1572535347339630 ,47869952, ext4
1572535347339680 ,47872000, ext4
1572535347339740 ,47874048, ext4
1572535347339820 ,47876096, ext4
1572535347339880 ,47878144, ext4
1572535347339940 ,47880192, ext4
1572535347340000 ,47882240, ext4
1572535347340060 ,47884288, ext4
1572535347340120 ,47886336, ext4
1572535347340180 ,47888384, ext4
1572535347340240 ,47890432, ext4
1572535347340300 ,47892480, ext4
1572535347340350 ,47894528, ext4
1572535347340410 ,47896576, ext4
1572535347340470 ,47898624, ext4
1572535347340530 ,47900672, ext4
1572535347340590 ,47902720, ext4
1572535347340650 ,47904768, ext4
1572535347340710 ,47906816, ext4
1572535347340800 ,47908864, ext4
1572535347340860 ,47910912, ext4
1572535347340920 ,47912960, ext4
1572535347609040 ,47915008, ext4
1572535347609100 ,47917056, ext4
1572535347609170 ,47919104, ext4
1572535347609230 ,47921152, ext4
1572535347609290 ,47923200, ext4
1572535347609350 ,47925248, ext4
1572535347609410 ,47927296, ext4
1572535347609470 ,47929344, ext4
1572535347609530 ,47931392, ext4
1572535347609580 ,47933440, ext4
1572535347609640 ,47935488, ext4
1572535347609700 ,47937536, ext4
1572535347609760 ,47939584, ext4
1572535347609820 ,47941632, ext4
1572535347609880 ,47943680, ext4
1572535347609930 ,47945728, ext4
1572535347610680 ,47947776, ext4
1572535347610740 ,47949824, ext4
1572535347610800 ,47951872, ext4
1572535347610860 ,47953920, ext4
1572535347610920 ,47955968, ext4
1572535347610980 ,47958016, ext4
1572535347611040 ,47960064, ext4
1572535347611100 ,47962112, ext4
1572535347611170 ,47964160, ext4
1572535347611230 ,47966208, ext4
1572535347611290 ,47968256, ext4
1572535347611350 ,47970304, ext4
1572535349311870 ,47587328, ext4
1572535350519790 ,50732296, ext4
1572535350519800 ,50732304, ext4
1572535350519910 ,50732312, ext4
1572535350850190 ,50732320, ext4
1572535350850190 ,50732328, ext4
1572535350850470 ,50732336, ext4
1572535351153950 ,12855736, ext4
1572535351153950 ,46137352, ext4
1572535351153950 ,46137360, ext4
1572535351153960 ,46137368, ext4
1572535351153970 ,46137376, ext4
1572535351153980 ,46137384, ext4
1572535351153980 ,46137392, ext4
1572535351153980 ,8, ext4
1572535351153980 ,16, ext4
1572535351153980 ,12582920, ext4
1572535351154060 ,46481408, ext4
1572535351154130 ,46483456, ext4
1572535351154190 ,46485504, ext4
1572535351154250 ,46487552, ext4
1572535351154320 ,46489600, ext4
1572535351154380 ,46491648, ext4
1572535351154440 ,46493696, ext4
1572535351154500 ,46495744, ext4
1572535351154560 ,46497792, ext4
1572535351154630 ,46499840, ext4
1572535351154690 ,46501888, ext4
1572535351154750 ,46503936, ext4
1572535351154810 ,46505984, ext4
1572535351155670 ,46508032, ext4
1572535351156590 ,46510080, ext4
1572535351156670 ,46512128, ext4
1572535351156740 ,46645248, ext4
1572535351156800 ,46647296, ext4
1572535351156870 ,46649344, ext4
1572535351156990 ,46651392, ext4
1572535351157060 ,46653440, ext4
1572535351157130 ,46655488, ext4
1572535351157190 ,46657536, ext4
1572535351157260 ,46659584, ext4
1572535351157320 ,46661632, ext4
1572535351157390 ,46663680, ext4
1572535351157450 ,46665728, ext4
1572535351157520 ,46667776, ext4
1572535351157590 ,46669824, ext4
1572535351159380 ,46671872, ext4
1572535351159460 ,46673920, ext4
1572535351159530 ,46675968, ext4
1572535351159590 ,46678016, ext4
1572535351159660 ,46680064, ext4
1572535351159730 ,46682112, ext4
1572535351159790 ,46684160, ext4
1572535351159890 ,46686208, ext4
1572535351159960 ,46688256, ext4
1572535351160030 ,46690304, ext4
1572535351160090 ,46692352, ext4
1572535351160160 ,46694400, ext4
1572535351160220 ,46696448, ext4
1572535351160290 ,46698496, ext4
1572535351160360 ,46700544, ext4
1572535351160420 ,46702592, ext4
1572535351160500 ,46704640, ext4
1572535351160570 ,46706688, ext4
1572535351160630 ,46708736, ext4
1572535351160710 ,46710784, ext4
1572535351160780 ,46712832, ext4
1572535351160900 ,46714880, ext4
1572535351160960 ,46716928, ext4
1572535351161030 ,46718976, ext4
1572535351161090 ,46721024, ext4
1572535351161160 ,46723072, ext4
1572535351161220 ,46725120, ext4
1572535351161290 ,46727168, ext4
1572535351161350 ,46729216, ext4
1572535351161420 ,46731264, ext4
1572535351161490 ,46733312, ext4
1572535351174340 ,46735360, ext4
1572535351174420 ,46737408, ext4
1572535351174500 ,46739456, ext4
1572535351174580 ,46741504, ext4
1572535351174640 ,46743552, ext4
1572535351174710 ,46745600, ext4
1572535351174780 ,46747648, ext4
1572535351174850 ,46749696, ext4
1572535351174910 ,46751744, ext4
1572535351174990 ,46753792, ext4
1572535351175050 ,46755840, ext4
1572535351175120 ,46757888, ext4
1572535351175190 ,46776320, ext4
1572535351175260 ,46778368, ext4
1572535351175330 ,46780416, ext4
1572535351175390 ,46782464, ext4
1572535351175480 ,46784512, ext4
1572535351175560 ,46786560, ext4
1572535351175630 ,46788608, ext4
1572535351175700 ,46790656, ext4
1572535351175770 ,46792704, ext4
1572535351175830 ,46794752, ext4
1572535351175900 ,46796800, ext4
1572535351175960 ,46798848, ext4
1572535351176030 ,46800896, ext4
1572535351176100 ,46802944, ext4
1572535351176170 ,46804992, ext4
1572535351176230 ,46807040, ext4
1572535351176320 ,46825472, ext4
1572535351176390 ,46827520, ext4
1572535351176480 ,46829568, ext4
1572535351176550 ,46831616, ext4
1572535351176620 ,46833664, ext4
1572535351176690 ,46835712, ext4
1572535351176760 ,46837760, ext4
1572535351176780 ,46839808, ext4
1572535351176840 ,46858240, ext4
1572535351176910 ,46860288, ext4
1572535351177020 ,46862336, ext4
1572535351177080 ,46864384, ext4
1572535351177150 ,46866432, ext4
1572535351177220 ,46868480, ext4
1572535351177290 ,46870528, ext4
1572535351177350 ,46872576, ext4
1572535351177430 ,46907392, ext4
1572535351177500 ,46909440, ext4
1572535351177570 ,46911488, ext4
1572535351177630 ,46913536, ext4
1572535351177700 ,46915584, ext4
1572535351177760 ,46917632, ext4
1572535351177840 ,46919680, ext4
1572535351177900 ,46921728, ext4
1572535351177970 ,46923776, ext4
1572535351178030 ,46925824, ext4
1572535351178100 ,46927872, ext4
1572535351178170 ,46929920, ext4
1572535351178240 ,46931968, ext4
1572535351178300 ,46934016, ext4
1572535351178390 ,46936064, ext4
1572535351178460 ,46938112, ext4
1572535351178510 ,46940160, ext4
1572535351189830 ,46941920, ext4
1572535351189910 ,46943968, ext4
1572535351189980 ,46946016, ext4
1572535351190050 ,46948064, ext4
1572535351190130 ,46950112, ext4
1572535351190200 ,46952160, ext4
1572535351190270 ,46954208, ext4
1572535351190340 ,46956256, ext4
1572535351190400 ,46958304, ext4
1572535351190470 ,46960352, ext4
1572535351190540 ,46962400, ext4
1572535351190600 ,46964448, ext4
1572535351190670 ,46966496, ext4
1572535351190730 ,46968544, ext4
1572535351190800 ,46970592, ext4
1572535351190870 ,46972640, ext4
1572535351190930 ,46974688, ext4
1572535351191010 ,46976736, ext4
1572535351191090 ,46978784, ext4
1572535351191160 ,46980832, ext4
1572535351191230 ,46982880, ext4
1572535351191290 ,46984928, ext4
1572535351191360 ,46986976, ext4
1572535351191430 ,46989024, ext4
1572535351191490 ,46991072, ext4
1572535351191560 ,46993120, ext4
1572535351191630 ,46995168, ext4
1572535351191690 ,46997216, ext4
1572535351191760 ,46999264, ext4
1572535351191850 ,47001312, ext4
1572535351191920 ,47003360, ext4
1572535351191980 ,47005408, ext4
1572535351192060 ,47007456, ext4
1572535351192140 ,47009504, ext4
1572535351192200 ,47011552, ext4
1572535351192270 ,47013600, ext4
1572535351192330 ,47015648, ext4
1572535351192400 ,47017696, ext4
1572535351192470 ,47019744, ext4
1572535351192560 ,47021792, ext4
1572535351192620 ,47023840, ext4
1572535351192690 ,47025888, ext4
1572535351192750 ,47027936, ext4
1572535351192820 ,47029984, ext4
1572535351192890 ,47032032, ext4
1572535351192960 ,47034080, ext4
1572535351193080 ,47036128, ext4
1572535351193140 ,47038176, ext4
1572535351303100 ,46579712, ext4
1572535351303170 ,46581760, ext4
1572535351303230 ,46583808, ext4
1572535351303310 ,46585856, ext4
1572535351303370 ,46587904, ext4
1572535351303440 ,46589952, ext4
1572535351303490 ,46592000, ext4
1572535351303550 ,46594048, ext4
1572535351303610 ,46628864, ext4
1572535351303670 ,46630912, ext4
1572535351303730 ,46632960, ext4
1572535351303810 ,46635008, ext4
1572535351303870 ,46637056, ext4
1572535351303930 ,46639104, ext4
1572535351303990 ,46641152, ext4
1572535351304050 ,46643200, ext4
1572535351304100 ,46840096, ext4
1572535351304320 ,47040232, ext4
1572535351304380 ,47042280, ext4
1572535351304440 ,47044328, ext4
1572535351304490 ,47046376, ext4
1572535351304550 ,47048424, ext4
1572535351304610 ,47050472, ext4
1572535351304670 ,47052520, ext4
1572535351304730 ,47054568, ext4
1572535351304790 ,47056616, ext4
1572535351304850 ,47058664, ext4
1572535351304910 ,47060712, ext4
1572535351304970 ,47062760, ext4
1572535351305020 ,47064808, ext4
1572535351305080 ,47066856, ext4
1572535351305140 ,47068904, ext4
1572535351305200 ,47070952, ext4
1572535351305300 ,47073000, ext4
1572535351305360 ,47075048, ext4
1572535351305420 ,47077096, ext4
1572535351305480 ,47079144, ext4
1572535351305530 ,47081192, ext4
1572535351305590 ,47083240, ext4
1572535351305650 ,47085288, ext4
1572535351305710 ,47087336, ext4
1572535351305770 ,47089384, ext4
1572535351305830 ,47091432, ext4
1572535351305880 ,47093480, ext4
1572535351305940 ,47095528, ext4
1572535351306000 ,47097576, ext4
1572535351306060 ,47099624, ext4
1572535351306120 ,47101672, ext4
1572535351306180 ,47103720, ext4
1572535351306260 ,47105768, ext4
1572535351306310 ,47107816, ext4
1572535351306370 ,47109864, ext4
1572535351306430 ,47111912, ext4
1572535351306490 ,47113960, ext4
1572535351306550 ,47116008, ext4
1572535351306610 ,47118056, ext4
1572535351306660 ,47120104, ext4
1572535351306720 ,47122152, ext4
1572535351306780 ,47124200, ext4
1572535351306840 ,47126248, ext4
1572535351306900 ,47128296, ext4
1572535351306960 ,47130344, ext4
1572535351307010 ,47132392, ext4
1572535351307070 ,47134440, ext4
1572535351307130 ,47136488, ext4
1572535351307210 ,47138536, ext4
1572535351307270 ,47140584, ext4
1572535351307330 ,47142632, ext4
1572535351307390 ,47144680, ext4
1572535351307450 ,47146728, ext4
1572535351307510 ,47148776, ext4
1572535351307560 ,47150824, ext4
1572535351307620 ,47152872, ext4
1572535351307680 ,47154920, ext4
1572535351307740 ,47156968, ext4
1572535351307800 ,47159016, ext4
1572535351307860 ,47161064, ext4
1572535351307920 ,47163112, ext4
1572535351307970 ,47165160, ext4
1572535351308030 ,47167208, ext4
1572535351308090 ,47169256, ext4
1572535351308150 ,47171304, ext4
1572535351308250 ,47173352, ext4
1572535351308310 ,47175400, ext4
1572535351308370 ,47177448, ext4
1572535351308430 ,47179496, ext4
1572535351308480 ,47181544, ext4
1572535351308640 ,47183592, ext4
1572535351308700 ,47185640, ext4
1572535351308760 ,47187688, ext4
1572535351308820 ,47189736, ext4
1572535351308880 ,47191784, ext4
1572535351308930 ,47193832, ext4
1572535351308990 ,47195880, ext4
1572535351309050 ,47197928, ext4
1572535351309110 ,47199976, ext4
1572535351309210 ,47202024, ext4
1572535351309280 ,47204072, ext4
1572535351309330 ,47206120, ext4
1572535351309390 ,47208168, ext4
1572535351309450 ,47210216, ext4
1572535351309510 ,47212264, ext4
1572535351309570 ,47214312, ext4
1572535351309630 ,47216360, ext4
1572535351309680 ,47218408, ext4
1572535351309740 ,47220456, ext4
1572535351309800 ,47222504, ext4
1572535351309880 ,47224552, ext4
1572535351309940 ,47226600, ext4
1572535351309990 ,47228648, ext4
1572535351310050 ,47230696, ext4
1572535351310110 ,47232744, ext4
1572535351310190 ,47234792, ext4
1572535351310250 ,47236840, ext4
1572535351310310 ,47238888, ext4
1572535351310370 ,47240936, ext4
1572535351310430 ,47242984, ext4
1572535351310480 ,47245032, ext4
1572535351310540 ,47247080, ext4
1572535351310600 ,47249128, ext4
1572535351310660 ,47251176, ext4
1572535351310720 ,47253224, ext4
1572535351310780 ,47255272, ext4
1572535351310830 ,47257320, ext4
1572535351310890 ,47259368, ext4
1572535351310950 ,47261416, ext4
1572535351311010 ,47263464, ext4
1572535351311070 ,47265512, ext4
1572535351311140 ,47267560, ext4
1572535351311200 ,47269608, ext4
1572535351311260 ,47271656, ext4
1572535351311320 ,47273704, ext4
1572535351311380 ,47275752, ext4
1572535351311440 ,47277800, ext4
1572535351311500 ,47279848, ext4
1572535351311550 ,47281896, ext4
1572535351311610 ,47283944, ext4
1572535351311670 ,47285992, ext4
1572535351311730 ,47288040, ext4
1572535351311790 ,47290088, ext4
1572535351311850 ,47292136, ext4
1572535351311910 ,47294184, ext4
1572535351311970 ,47296232, ext4
1572535351312020 ,47298280, ext4
1572535351312100 ,47300328, ext4
1572535351312160 ,47302376, ext4
1572535351312220 ,47304424, ext4
1572535351312280 ,47306472, ext4
1572535351312340 ,47308520, ext4
1572535351312400 ,47310568, ext4
1572535351312450 ,47312616, ext4
1572535351312510 ,47314664, ext4
1572535351312590 ,47316712, ext4
1572535351312650 ,47318760, ext4
1572535351312700 ,47320808, ext4
1572535351312760 ,47322856, ext4
1572535351312820 ,47324904, ext4
1572535351312880 ,47326952, ext4
1572535351312940 ,47329000, ext4
1572535351313000 ,47331048, ext4
1572535351343330 ,47040224, ext4
1572535351343390 ,47333104, ext4
1572535351343450 ,47335152, ext4
1572535351343510 ,47337200, ext4
1572535351343570 ,47339248, ext4
1572535351343630 ,47341296, ext4
1572535351343680 ,47343344, ext4
1572535351343740 ,47345392, ext4
1572535351343800 ,47347440, ext4
1572535351343860 ,47349488, ext4
1572535351343920 ,47351536, ext4
1572535351343980 ,47353584, ext4
1572535351344040 ,47355632, ext4
1572535351643020 ,47333096, ext4
1572535351643080 ,47357672, ext4
1572535351643140 ,47359720, ext4
1572535351643200 ,47361768, ext4
1572535351643260 ,47363816, ext4
1572535351643270 ,47365864, ext4
1572535351643320 ,47562752, ext4
1572535351643380 ,47564800, ext4
1572535351643440 ,47566848, ext4
1572535351643500 ,47568896, ext4
1572535351643560 ,47570944, ext4
1572535351643620 ,47572992, ext4
1572535351643680 ,47575040, ext4
1572535351643740 ,47577088, ext4
1572535351643800 ,47579136, ext4
1572535351643850 ,47581184, ext4
1572535351643930 ,47583232, ext4
1572535351643990 ,47585280, ext4
1572535351644280 ,47587328, ext4
1572535351644340 ,47589376, ext4
1572535351644400 ,47591424, ext4
1572535351644460 ,47593472, ext4
1572535351644520 ,47595520, ext4
1572535351644570 ,47597568, ext4
1572535351644630 ,47599616, ext4
1572535351644690 ,47601664, ext4
1572535351644750 ,47603712, ext4
1572535351644810 ,47605760, ext4
1572535351644870 ,47607808, ext4
1572535351644960 ,47609856, ext4
1572535351645020 ,47611904, ext4
1572535351645080 ,47613952, ext4
1572535351645140 ,47616000, ext4
1572535351645200 ,47618048, ext4
1572535351935470 ,47620096, ext4
1572535351935530 ,47622144, ext4
1572535351935590 ,47624192, ext4
1572535351935650 ,47626240, ext4
1572535351935710 ,47628288, ext4
1572535351935790 ,47630336, ext4
1572535351935850 ,47632384, ext4
1572535351935900 ,47634432, ext4
1572535351935960 ,47636480, ext4
1572535351936020 ,47638528, ext4
1572535351936080 ,47640576, ext4
1572535351936140 ,47642624, ext4
1572535351936200 ,47644672, ext4
1572535351936260 ,47646720, ext4
1572535351936320 ,47648768, ext4
1572535351936380 ,47650816, ext4
1572535351936590 ,47652864, ext4
1572535351936650 ,47654912, ext4
1572535351936720 ,47656960, ext4
1572535351936780 ,47659008, ext4
1572535351936830 ,47513600, ext4
1572535351936890 ,47515648, ext4
1572535351936950 ,47517696, ext4
1572535351937010 ,47519744, ext4
1572535351937070 ,47521792, ext4
1572535351937130 ,47523840, ext4
1572535351937180 ,47525888, ext4
1572535351937270 ,47527936, ext4
1572535351937330 ,47529984, ext4
1572535351937390 ,47532032, ext4
1572535351937450 ,47534080, ext4
1572535351937510 ,47536128, ext4
1572535352287490 ,47538176, ext4
1572535352287550 ,47540224, ext4
1572535352287640 ,47542272, ext4
1572535352287700 ,47544320, ext4
1572535352287840 ,47448064, ext4
1572535352287900 ,47450112, ext4
1572535352287960 ,47452160, ext4
1572535352288020 ,47454208, ext4
1572535352288090 ,47456256, ext4
1572535352288150 ,47458304, ext4
1572535352288210 ,47460352, ext4
1572535352288270 ,47462400, ext4
1572535352288330 ,47464448, ext4
1572535352288390 ,47466496, ext4
1572535352288450 ,47468544, ext4
1572535352288500 ,47470592, ext4
1572535352288740 ,47472640, ext4
1572535352288800 ,47474688, ext4
1572535352288860 ,47476736, ext4
1572535352288920 ,47478784, ext4
1572535352288980 ,47480832, ext4
1572535352289080 ,47482880, ext4
1572535352289140 ,47484928, ext4
1572535352289200 ,47486976, ext4
1572535352289250 ,47489024, ext4
1572535352289310 ,47491072, ext4
1572535352289370 ,47493120, ext4
1572535352289430 ,47495168, ext4
1572535352289490 ,47497216, ext4
1572535352289550 ,47499264, ext4
1572535352289610 ,47501312, ext4
1572535352289670 ,47503360, ext4
1572535353055370 ,47505408, ext4
1572535353055430 ,47507456, ext4
1572535353055490 ,47509504, ext4
1572535353055550 ,47511552, ext4
1572535353055630 ,47824896, ext4
1572535353055690 ,47826944, ext4
1572535353055750 ,47828992, ext4
1572535353055810 ,47831040, ext4
1572535353055880 ,47833088, ext4
1572535353055940 ,47835136, ext4
1572535353056000 ,47837184, ext4
1572535353056060 ,47839232, ext4
1572535353056110 ,47841280, ext4
1572535353056200 ,47843328, ext4
1572535353056260 ,47845376, ext4
1572535353056320 ,47847424, ext4
1572535353056690 ,47849472, ext4
1572535353056770 ,47851520, ext4
1572535353056830 ,47853568, ext4
1572535353056880 ,47855616, ext4
1572535353056940 ,47857664, ext4
1572535353057000 ,47859712, ext4
1572535353057090 ,47861760, ext4
1572535353057170 ,47863808, ext4
1572535353057230 ,47865856, ext4
1572535353057300 ,47867904, ext4
1572535353057360 ,47869952, ext4
1572535353057420 ,47872000, ext4
1572535353057480 ,47874048, ext4
1572535353057540 ,47876096, ext4
1572535353057700 ,47878144, ext4
1572535353057760 ,47880192, ext4
1572535353166800 ,47882240, ext4
1572535353166860 ,47884288, ext4
1572535353166920 ,47886336, ext4
1572535353166980 ,47888384, ext4
1572535353167040 ,47890432, ext4
1572535353167090 ,47892480, ext4
1572535353167150 ,47894528, ext4
1572535353167210 ,47896576, ext4
1572535353167270 ,47898624, ext4
1572535353167330 ,47900672, ext4
1572535353167390 ,47902720, ext4
1572535353167460 ,47904768, ext4
1572535353167520 ,47906816, ext4
1572535353167580 ,47908864, ext4
1572535353167640 ,47910912, ext4
1572535353167700 ,47912960, ext4
1572535353167760 ,47915008, ext4
1572535353167820 ,47917056, ext4
1572535353167880 ,47919104, ext4
1572535353167940 ,47921152, ext4
1572535353167990 ,47923200, ext4
1572535353168050 ,47925248, ext4
1572535353168110 ,47927296, ext4
1572535353168170 ,47929344, ext4
1572535353168230 ,47931392, ext4
1572535353168280 ,47933440, ext4
1572535353168340 ,47935488, ext4
1572535353168400 ,47937536, ext4
1572535353168470 ,47939584, ext4
1572535353168530 ,47941632, ext4
1572535353168590 ,47943680, ext4
1572535353168650 ,47945728, ext4
1572535353451750 ,47947776, ext4
1572535353451820 ,47949824, ext4
1572535353451870 ,47951872, ext4
1572535353451930 ,47953920, ext4
1572535353451990 ,47955968, ext4
1572535353452050 ,47958016, ext4
1572535353452110 ,47960064, ext4
1572535353452170 ,47962112, ext4
1572535353452230 ,47964160, ext4
1572535353452290 ,47966208, ext4
1572535353452340 ,47968256, ext4
1572535353452400 ,47970304, ext4
1572535356097850 ,50732344, ext4
1572535356097850 ,50732352, ext4
1572535356097970 ,50732360, ext4
1572535356324610 ,50732368, ext4
1572535356324620 ,50732376, ext4
1572535356324810 ,50732384, ext4
1572535356570360 ,46481408, ext4
1572535356570430 ,46483456, ext4
1572535356570490 ,46485504, ext4
1572535356570560 ,46487552, ext4
1572535356570620 ,46489600, ext4
1572535356570680 ,46491648, ext4
1572535356570800 ,46493696, ext4
1572535356570880 ,46495744, ext4
1572535356570940 ,46497792, ext4
1572535356571010 ,46499840, ext4
1572535356571080 ,46501888, ext4
1572535356571140 ,46503936, ext4
1572535356571200 ,46505984, ext4
1572535356571260 ,46508032, ext4
1572535356571320 ,46510080, ext4
1572535356571380 ,46512128, ext4
1572535356647180 ,50732392, ext4
1572535356647180 ,50732400, ext4
1572535356647280 ,50732408, ext4
1572535356750860 ,50732416, ext4
1572535356750870 ,50732424, ext4
1572535356751020 ,50732432, ext4
1572535356880000 ,46579712, ext4
1572535356880060 ,46581760, ext4
1572535356880160 ,46583808, ext4
1572535356880220 ,46585856, ext4
1572535356880280 ,46587904, ext4
1572535356880340 ,46589952, ext4
1572535356880400 ,46592000, ext4
1572535356880460 ,46594048, ext4
1572535356880520 ,46628864, ext4
1572535356880580 ,46630912, ext4
1572535356880640 ,46632960, ext4
1572535356880700 ,46635008, ext4
1572535356880760 ,46637056, ext4
1572535356880820 ,46639104, ext4
1572535356880880 ,46641152, ext4
1572535356880940 ,46643200, ext4
1572535356881000 ,46645248, ext4
1572535356882930 ,46647296, ext4
1572535356883710 ,46649344, ext4
1572535356885330 ,46651392, ext4
1572535356885430 ,46653440, ext4
1572535356885500 ,46655488, ext4
1572535356885580 ,46657536, ext4
1572535356885650 ,46659584, ext4
1572535356885730 ,46661632, ext4
1572535356885800 ,46663680, ext4
1572535356885870 ,46665728, ext4
1572535356885940 ,46667776, ext4
1572535356886020 ,46669824, ext4
1572535356886090 ,46671872, ext4
1572535356886160 ,46673920, ext4
1572535356886230 ,46675968, ext4
1572535356886300 ,46678016, ext4
1572535356886510 ,46680064, ext4
1572535356886570 ,46682112, ext4
1572535356886640 ,46684160, ext4
1572535356886710 ,46686208, ext4
1572535356886780 ,46688256, ext4
1572535356886840 ,46690304, ext4
1572535356886910 ,46692352, ext4
1572535356886990 ,46694400, ext4
1572535356887060 ,46696448, ext4
1572535356887130 ,46698496, ext4
1572535356887190 ,46700544, ext4
1572535356887260 ,46702592, ext4
1572535356887320 ,46704640, ext4
1572535356887390 ,46706688, ext4
1572535356887460 ,46708736, ext4
1572535356887520 ,46710784, ext4
1572535356887600 ,46712832, ext4
1572535356887660 ,46714880, ext4
1572535356887730 ,46716928, ext4
1572535356887790 ,46718976, ext4
1572535356887860 ,46721024, ext4
1572535356887950 ,46723072, ext4
1572535356888020 ,46725120, ext4
1572535356888080 ,46727168, ext4
1572535356888150 ,46729216, ext4
1572535356888220 ,46731264, ext4
1572535356888280 ,46733312, ext4
1572535356908880 ,46735360, ext4
1572535356908960 ,46737408, ext4
1572535356909030 ,46739456, ext4
1572535356909090 ,46741504, ext4
1572535356909160 ,46743552, ext4
1572535356909220 ,46745600, ext4
1572535356909280 ,46747648, ext4
1572535356909350 ,46749696, ext4
1572535356909430 ,46751744, ext4
1572535356909490 ,46753792, ext4
1572535356909560 ,46755840, ext4
1572535356909620 ,46757888, ext4
1572535356909690 ,46776320, ext4
1572535356909750 ,46778368, ext4
1572535356909810 ,46780416, ext4
1572535356909880 ,46782464, ext4
1572535356909940 ,46784512, ext4
1572535356910010 ,46786560, ext4
1572535356910080 ,46788608, ext4
1572535356910140 ,46790656, ext4
1572535356910210 ,46792704, ext4
1572535356910270 ,46794752, ext4
1572535356910340 ,46796800, ext4
1572535356910420 ,46798848, ext4
1572535356910480 ,46800896, ext4
1572535356910540 ,46802944, ext4
1572535356910610 ,46804992, ext4
1572535356910670 ,46807040, ext4
1572535356910740 ,46825472, ext4
1572535356910800 ,46827520, ext4
1572535356910870 ,46829568, ext4
1572535356910930 ,46831616, ext4
1572535356910990 ,46833664, ext4
1572535356911060 ,46835712, ext4
1572535356911130 ,46837760, ext4
1572535356911190 ,46839808, ext4
1572535356911260 ,46858240, ext4
1572535356911320 ,46860288, ext4
1572535356911400 ,46862336, ext4
1572535356911470 ,46864384, ext4
1572535356911530 ,46866432, ext4
1572535356911590 ,46868480, ext4
1572535356911660 ,46870528, ext4
1572535356911720 ,46872576, ext4
1572535356911790 ,46907392, ext4
1572535356911850 ,46909440, ext4
1572535356911910 ,46911488, ext4
1572535356912010 ,46913536, ext4
1572535356912070 ,46915584, ext4
1572535356912140 ,46917632, ext4
1572535356912210 ,46919680, ext4
1572535356912270 ,46921728, ext4
1572535356912350 ,46923776, ext4
1572535356912420 ,46925824, ext4
1572535356912490 ,46927872, ext4
1572535356912550 ,46929920, ext4
1572535356912620 ,46931968, ext4
1572535356912680 ,46934016, ext4
1572535356912750 ,46936064, ext4
1572535356912860 ,46938112, ext4
1572535356934870 ,46940160, ext4
1572535356934940 ,46942208, ext4
1572535356935010 ,46944256, ext4
1572535356935080 ,46946304, ext4
1572535356935140 ,46948352, ext4
1572535356935210 ,46950400, ext4
1572535356935270 ,46952448, ext4
1572535356935340 ,46954496, ext4
1572535356935400 ,46956544, ext4
1572535356935470 ,46958592, ext4
1572535356935530 ,46960640, ext4
1572535356935600 ,46962688, ext4
1572535356935660 ,46964736, ext4
1572535356935730 ,46966784, ext4
1572535356935810 ,46968832, ext4
1572535356935880 ,46970880, ext4
1572535356935940 ,46972928, ext4
1572535356936020 ,46974976, ext4
1572535356936080 ,46977024, ext4
1572535356936150 ,46979072, ext4
1572535356936210 ,46981120, ext4
1572535356936290 ,46983168, ext4
1572535356936360 ,46985216, ext4
1572535356936420 ,46987264, ext4
1572535356936490 ,46989312, ext4
1572535356936550 ,46991360, ext4
1572535356936620 ,46993408, ext4
1572535356936680 ,46995456, ext4
1572535356936760 ,46997504, ext4
1572535356936830 ,46999552, ext4
1572535356936890 ,47001600, ext4
1572535356936960 ,47003648, ext4
1572535356937020 ,47005696, ext4
1572535356937090 ,47007744, ext4
1572535356937160 ,47009792, ext4
1572535356937260 ,47011840, ext4
1572535356937330 ,47013888, ext4
1572535356937390 ,47015936, ext4
1572535356937460 ,47017984, ext4
1572535356937520 ,47020032, ext4
1572535356937580 ,47022080, ext4
1572535356937650 ,47024128, ext4
1572535356937720 ,47026176, ext4
1572535356937790 ,47028224, ext4
1572535356937850 ,47030272, ext4
1572535356937920 ,47032320, ext4
1572535356937980 ,47034368, ext4
1572535356938040 ,47036416, ext4
1572535356938110 ,47038464, ext4
1572535356938180 ,47040512, ext4
1572535356938250 ,47042560, ext4
1572535356938320 ,47044608, ext4
1572535356938380 ,47046656, ext4
1572535356938450 ,47048704, ext4
1572535356938510 ,47050752, ext4
1572535356938570 ,47052800, ext4
1572535356938640 ,47054848, ext4
1572535357010990 ,46481408, ext4
1572535357011070 ,46483456, ext4
1572535357011140 ,46485504, ext4
1572535357011200 ,46487552, ext4
1572535357011270 ,46489600, ext4
1572535357011340 ,46491648, ext4
1572535357011400 ,46493696, ext4
1572535357011470 ,46495744, ext4
1572535357011530 ,46497792, ext4
1572535357011590 ,46499840, ext4
1572535357011660 ,46501888, ext4
1572535357011750 ,46503936, ext4
1572535357011810 ,46505984, ext4
1572535357011890 ,46508032, ext4
1572535357011950 ,46510080, ext4
1572535357012020 ,46512128, ext4
1572535357012080 ,47056904, ext4
1572535357012590 ,47058952, ext4
1572535357012910 ,47061000, ext4
1572535357012970 ,47063048, ext4
1572535357013030 ,47065096, ext4
1572535357013310 ,47067144, ext4
1572535357013370 ,47069192, ext4
1572535357013640 ,47071240, ext4
1572535357013710 ,47073288, ext4
1572535357013760 ,47075336, ext4
1572535357014050 ,47077384, ext4
1572535357014120 ,47079432, ext4
1572535357014180 ,47081480, ext4
1572535357014460 ,47083528, ext4
1572535357014520 ,47085576, ext4
1572535357014820 ,47087624, ext4
1572535357014890 ,47089672, ext4
1572535357015170 ,47091720, ext4
1572535357015230 ,47093768, ext4
1572535357015290 ,47095816, ext4
1572535357015520 ,47097864, ext4
1572535357015590 ,47099912, ext4
1572535357015650 ,47101960, ext4
1572535357015740 ,47104008, ext4
1572535357015840 ,47106056, ext4
1572535357015950 ,47108104, ext4
1572535357016020 ,47110152, ext4
1572535357016090 ,47112200, ext4
1572535357016150 ,47114248, ext4
1572535357016210 ,47116296, ext4
1572535357016280 ,47118344, ext4
1572535357016470 ,47120392, ext4
1572535357016550 ,47122440, ext4
1572535357016630 ,47124488, ext4
1572535357016790 ,47126536, ext4
1572535357016890 ,47128584, ext4
1572535357016970 ,47130632, ext4
1572535357017030 ,47132680, ext4
1572535357017160 ,47134728, ext4
1572535357017240 ,47136776, ext4
1572535357017320 ,47138824, ext4
1572535357017640 ,47140872, ext4
1572535357017790 ,47142920, ext4
1572535357017860 ,47144968, ext4
1572535357017930 ,47147016, ext4
1572535357017990 ,47149064, ext4
1572535357018060 ,47151112, ext4
1572535357018120 ,47153160, ext4
1572535357018180 ,47155208, ext4
1572535357018260 ,47157256, ext4
1572535357018320 ,47159304, ext4
1572535357018670 ,47161352, ext4
1572535357018750 ,47163400, ext4
1572535357018810 ,47165448, ext4
1572535357018870 ,47167496, ext4
1572535357018920 ,47169544, ext4
1572535357018980 ,47171592, ext4
1572535357019040 ,47173640, ext4
1572535357019100 ,47175688, ext4
1572535357019160 ,47177736, ext4
1572535357019210 ,47179784, ext4
1572535357019270 ,47181832, ext4
1572535357019330 ,47183880, ext4
1572535357019390 ,47185928, ext4
1572535357019450 ,47187976, ext4
1572535357019510 ,47190024, ext4
1572535357019570 ,47192072, ext4
1572535357019630 ,47194120, ext4
1572535357019700 ,47196168, ext4
1572535357019760 ,47198216, ext4
1572535357019810 ,47200264, ext4
1572535357019870 ,47202312, ext4
1572535357019930 ,47204360, ext4
1572535357019990 ,47206408, ext4
1572535357020050 ,47208456, ext4
1572535357020110 ,47210504, ext4
1572535357020170 ,47212552, ext4
1572535357020230 ,47214600, ext4
1572535357020310 ,47216648, ext4
1572535357020370 ,47218696, ext4
1572535357020420 ,47220744, ext4
1572535357020490 ,47222792, ext4
1572535357020550 ,47224840, ext4
1572535357020610 ,47226888, ext4
1572535357020680 ,47228936, ext4
1572535357020810 ,47230984, ext4
1572535357020870 ,47233032, ext4
1572535357020930 ,47235080, ext4
1572535357020990 ,47237128, ext4
1572535357021050 ,47239176, ext4
1572535357021120 ,47241224, ext4
1572535357021180 ,47243272, ext4
1572535357021240 ,47245320, ext4
1572535357021300 ,47247368, ext4
1572535357021360 ,47249416, ext4
1572535357021420 ,47251464, ext4
1572535357021480 ,47253512, ext4
1572535357021550 ,47255560, ext4
1572535357021610 ,47257608, ext4
1572535357021710 ,47259656, ext4
1572535357021770 ,47261704, ext4
1572535357021830 ,47263752, ext4
1572535357021890 ,47265800, ext4
1572535357021950 ,47267848, ext4
1572535357022010 ,47269896, ext4
1572535357022070 ,47271944, ext4
1572535357022130 ,47273992, ext4
1572535357022190 ,47276040, ext4
1572535357022250 ,47278088, ext4
1572535357022310 ,47280136, ext4
1572535357022370 ,47282184, ext4
1572535357022420 ,47284232, ext4
1572535357022480 ,47286280, ext4
1572535357022550 ,47288328, ext4
1572535357022620 ,47290376, ext4
1572535357022680 ,47292424, ext4
1572535357022740 ,47294472, ext4
1572535357022790 ,47296520, ext4
1572535357022850 ,47298568, ext4
1572535357022910 ,47300616, ext4
1572535357022970 ,47302664, ext4
1572535357023030 ,47304712, ext4
1572535357023090 ,47306760, ext4
1572535357023140 ,47308808, ext4
1572535357023200 ,47310856, ext4
1572535357023260 ,47312904, ext4
1572535357023320 ,47314952, ext4
1572535357023380 ,47317000, ext4
1572535357023430 ,47319048, ext4
1572535357023500 ,47321096, ext4
1572535357023560 ,47323144, ext4
1572535357023630 ,47325192, ext4
1572535357023690 ,47327240, ext4
1572535357023740 ,47329288, ext4
1572535357023800 ,47331336, ext4
1572535357023860 ,47333384, ext4
1572535357023920 ,47335432, ext4
1572535357023980 ,47337480, ext4
1572535357024040 ,47339528, ext4
1572535357024090 ,47341576, ext4
1572535357024150 ,47343624, ext4
1572535357024210 ,47345672, ext4
1572535357024270 ,47347720, ext4
1572535357024330 ,47349768, ext4
1572535357074390 ,47056896, ext4
1572535357074470 ,47351824, ext4
1572535357074530 ,47353872, ext4
1572535357074590 ,47355920, ext4
1572535357285490 ,47351816, ext4
1572535357285550 ,47357960, ext4
1572535357285610 ,47360008, ext4
1572535357285670 ,47362056, ext4
1572535357285730 ,47364104, ext4
1572535357285790 ,47562752, ext4
1572535357285850 ,47564800, ext4
1572535357285900 ,47566848, ext4
1572535357285960 ,47568896, ext4
1572535357286020 ,47570944, ext4
1572535357286080 ,47572992, ext4
1572535357286150 ,47575040, ext4
1572535357286210 ,47577088, ext4
1572535357286270 ,47579136, ext4
1572535357286330 ,47581184, ext4
1572535357286390 ,47583232, ext4
1572535357286440 ,47585280, ext4
1572535357286770 ,47587328, ext4
1572535357286830 ,47589376, ext4
1572535357286880 ,47591424, ext4
1572535357286940 ,47593472, ext4
1572535357287000 ,47595520, ext4
1572535357287060 ,47597568, ext4
1572535357287150 ,47599616, ext4
1572535357287210 ,47601664, ext4
1572535357287270 ,47603712, ext4
1572535357287330 ,47605760, ext4
1572535357287390 ,47607808, ext4
1572535357287440 ,47609856, ext4
1572535357287500 ,47611904, ext4
1572535357287560 ,47613952, ext4
1572535357287620 ,47616000, ext4
1572535357287680 ,47618048, ext4
1572535357547540 ,47620096, ext4
1572535357547610 ,47622144, ext4
1572535357547670 ,47624192, ext4
1572535357547740 ,47626240, ext4
1572535357547800 ,47628288, ext4
1572535357547850 ,47630336, ext4
1572535357547910 ,47632384, ext4
1572535357547970 ,47634432, ext4
1572535357548030 ,47636480, ext4
1572535357548090 ,47638528, ext4
1572535357548140 ,47640576, ext4
1572535357548200 ,47642624, ext4
1572535357548260 ,47644672, ext4
1572535357548320 ,47646720, ext4
1572535357548380 ,47648768, ext4
1572535357548440 ,47650816, ext4
1572535357548610 ,47652864, ext4
1572535357548680 ,47654912, ext4
1572535357548740 ,47656960, ext4
1572535357548800 ,47659008, ext4
1572535357548860 ,47513600, ext4
1572535357548920 ,47515648, ext4
1572535357548980 ,47517696, ext4
1572535357549040 ,47519744, ext4
1572535357549090 ,47521792, ext4
1572535357549200 ,47523840, ext4
1572535357549260 ,47525888, ext4
1572535357549320 ,47527936, ext4
1572535357549380 ,47529984, ext4
1572535357549560 ,47532032, ext4
1572535357549620 ,47534080, ext4
1572535357549680 ,47536128, ext4
1572535357867140 ,47538176, ext4
1572535357867200 ,47540224, ext4
1572535357867260 ,47542272, ext4
1572535357867320 ,47544320, ext4
1572535357867380 ,47448064, ext4
1572535357867440 ,47450112, ext4
1572535357867490 ,47452160, ext4
1572535357867550 ,47454208, ext4
1572535357867610 ,47456256, ext4
1572535357867670 ,47458304, ext4
1572535357867730 ,47460352, ext4
1572535357867790 ,47462400, ext4
1572535357867880 ,47464448, ext4
1572535357867940 ,47466496, ext4
1572535357867990 ,47468544, ext4
1572535357868050 ,47470592, ext4
1572535357868740 ,47472640, ext4
1572535357868810 ,47474688, ext4
1572535357868870 ,47476736, ext4
1572535357868930 ,47478784, ext4
1572535357868990 ,47480832, ext4
1572535357869040 ,47482880, ext4
1572535357869100 ,47484928, ext4
1572535357869160 ,47486976, ext4
1572535357869220 ,47489024, ext4
1572535357869310 ,47491072, ext4
1572535357869370 ,47493120, ext4
1572535357869430 ,47495168, ext4
1572535357869490 ,47497216, ext4
1572535357869540 ,47499264, ext4
1572535357869600 ,47501312, ext4
1572535357869660 ,47503360, ext4
1572535358741620 ,47505408, ext4
1572535358741690 ,47507456, ext4
1572535358741750 ,47509504, ext4
1572535358741810 ,47511552, ext4
1572535358741860 ,47824896, ext4
1572535358741920 ,47826944, ext4
1572535358741980 ,47828992, ext4
1572535358742040 ,47831040, ext4
1572535358742100 ,47833088, ext4
1572535358742160 ,47835136, ext4
1572535358742210 ,47837184, ext4
1572535358742270 ,47839232, ext4
1572535358742350 ,47841280, ext4
1572535358742410 ,47843328, ext4
1572535358742470 ,47845376, ext4
1572535358742520 ,47847424, ext4
1572535358742740 ,47849472, ext4
1572535358742800 ,47851520, ext4
1572535358742860 ,47853568, ext4
1572535358742920 ,47855616, ext4
1572535358742970 ,47857664, ext4
1572535358743030 ,47859712, ext4
1572535358743090 ,47861760, ext4
1572535358743150 ,47863808, ext4
1572535358743210 ,47865856, ext4
1572535358743270 ,47867904, ext4
1572535358743340 ,47869952, ext4
1572535358743400 ,47872000, ext4
1572535358743450 ,47874048, ext4
1572535358743510 ,47876096, ext4
1572535358743570 ,47878144, ext4
1572535358743630 ,47880192, ext4
1572535358867460 ,47882240, ext4
1572535358867530 ,47884288, ext4
1572535358867590 ,47886336, ext4
1572535358867650 ,47888384, ext4
1572535358867710 ,47890432, ext4
1572535358867770 ,47892480, ext4
1572535358867830 ,47894528, ext4
1572535358867880 ,47896576, ext4
1572535358867940 ,47898624, ext4
1572535358868000 ,47900672, ext4
1572535358868060 ,47902720, ext4
1572535358868120 ,47904768, ext4
1572535358868180 ,47906816, ext4
1572535358868250 ,47908864, ext4
1572535358868310 ,47910912, ext4
1572535358868370 ,47912960, ext4
1572535358868430 ,47915008, ext4
1572535358868490 ,47917056, ext4
1572535358868550 ,47919104, ext4
1572535358868610 ,47921152, ext4
1572535358868670 ,47923200, ext4
1572535358868730 ,47925248, ext4
1572535358868780 ,47927296, ext4
1572535358868840 ,47929344, ext4
1572535358868900 ,47931392, ext4
1572535358868960 ,47933440, ext4
1572535358869020 ,47935488, ext4
1572535358869070 ,47937536, ext4
1572535358869130 ,47939584, ext4
1572535358869230 ,47941632, ext4
1572535358869290 ,47943680, ext4
1572535358869340 ,47945728, ext4
1572535359035870 ,47947776, ext4
1572535359035930 ,47949824, ext4
1572535359035990 ,47951872, ext4
1572535359036050 ,47953920, ext4
1572535359036120 ,47955968, ext4
1572535359036180 ,47958016, ext4
1572535359036240 ,47960064, ext4
1572535359036300 ,47962112, ext4
1572535359036360 ,47964160, ext4
1572535359036420 ,47966208, ext4
1572535359036480 ,47968256, ext4
1572535359036540 ,47970304, ext4
1572535361550070 ,50732440, ext4
1572535361550070 ,50732448, ext4
1572535361550180 ,50732456, ext4
1572535361879590 ,46481408, ext4
1572535361879660 ,46483456, ext4
1572535361879730 ,46485504, ext4
1572535361879790 ,46487552, ext4
1572535361879850 ,46489600, ext4
1572535361879920 ,46491648, ext4
1572535361879980 ,46493696, ext4
1572535361880040 ,46495744, ext4
1572535361880130 ,46497792, ext4
1572535361880190 ,46499840, ext4
1572535361880250 ,46501888, ext4
1572535361880310 ,46503936, ext4
1572535361880370 ,46505984, ext4
1572535361880430 ,46508032, ext4
1572535361880490 ,46510080, ext4
1572535361880550 ,46512128, ext4
1572535361880610 ,46579712, ext4
1572535361881060 ,46581760, ext4
1572535361881900 ,46583808, ext4
1572535361881990 ,46585856, ext4
1572535361882090 ,46587904, ext4
1572535361882170 ,46589952, ext4
1572535361882250 ,46592000, ext4
1572535361882330 ,46594048, ext4
1572535361882410 ,46628864, ext4
1572535361882490 ,46630912, ext4
1572535361882570 ,46632960, ext4
1572535361882670 ,46635008, ext4
1572535361882740 ,46637056, ext4
1572535361882810 ,46639104, ext4
1572535361882880 ,46641152, ext4
1572535361882950 ,46643200, ext4
1572535361884380 ,46645248, ext4
1572535361884460 ,46647296, ext4
1572535361884540 ,46649344, ext4
1572535361884600 ,46651392, ext4
1572535361884670 ,46653440, ext4
1572535361884730 ,46655488, ext4
1572535361884800 ,46657536, ext4
1572535361884880 ,46659584, ext4
1572535361884950 ,46661632, ext4
1572535361886660 ,46663680, ext4
1572535361886750 ,46665728, ext4
1572535361886820 ,46667776, ext4
1572535361886890 ,46669824, ext4
1572535361887010 ,46671872, ext4
1572535361887090 ,46673920, ext4
1572535361887160 ,46675968, ext4
1572535361887230 ,46678016, ext4
1572535361887300 ,46680064, ext4
1572535361887370 ,46682112, ext4
1572535361887440 ,46684160, ext4
1572535361887500 ,46686208, ext4
1572535361887570 ,46688256, ext4
1572535361887640 ,46690304, ext4
1572535361887700 ,46692352, ext4
1572535361887770 ,46694400, ext4
1572535361887830 ,46696448, ext4
1572535361887900 ,46698496, ext4
1572535361888030 ,46700544, ext4
1572535361888110 ,46702592, ext4
1572535361888170 ,46704640, ext4
1572535361888240 ,46706688, ext4
1572535361888300 ,46708736, ext4
1572535361888370 ,46710784, ext4
1572535361888440 ,46712832, ext4
1572535361888560 ,46714880, ext4
1572535361888630 ,46716928, ext4
1572535361888690 ,46718976, ext4
1572535361888760 ,46721024, ext4
1572535361888830 ,46723072, ext4
1572535361888970 ,46725120, ext4
1572535361889040 ,46727168, ext4
1572535361889110 ,46729216, ext4
1572535361889180 ,46731264, ext4
1572535361889250 ,46733312, ext4
1572535361889320 ,46735360, ext4
1572535361889400 ,46737408, ext4
1572535361889460 ,46739456, ext4
1572535361889530 ,46741504, ext4
1572535361889600 ,46743552, ext4
1572535361889670 ,46745600, ext4
1572535361889740 ,46747648, ext4
1572535361889810 ,46749696, ext4
1572535361889970 ,46751744, ext4
1572535361890040 ,46753792, ext4
1572535361890110 ,46755840, ext4
1572535361890170 ,46757888, ext4
1572535361890230 ,46776320, ext4
1572535361890300 ,46778368, ext4
1572535361890360 ,46780416, ext4
1572535361890420 ,46782464, ext4
1572535361890480 ,46784512, ext4
1572535361890540 ,46786560, ext4
1572535361890610 ,46788608, ext4
1572535361890660 ,46790656, ext4
1572535361890730 ,46792704, ext4
1572535361890800 ,46794752, ext4
1572535361890910 ,46796800, ext4
1572535361890980 ,46798848, ext4
1572535361891050 ,46800896, ext4
1572535361891110 ,46802944, ext4
1572535361891170 ,46804992, ext4
1572535361891230 ,46807040, ext4
1572535361891300 ,46825472, ext4
1572535361891360 ,46827520, ext4
1572535361891420 ,46829568, ext4
1572535361891490 ,46831616, ext4
1572535361891550 ,46833664, ext4
1572535361891610 ,46835712, ext4
1572535361891680 ,46837760, ext4
1572535361891740 ,46839808, ext4
1572535361891800 ,46858240, ext4
1572535361891970 ,46860288, ext4
1572535361892030 ,46862336, ext4
1572535361892090 ,46864384, ext4
1572535361892160 ,46866432, ext4
1572535361892220 ,46868480, ext4
1572535361892290 ,46870528, ext4
1572535361892350 ,46872576, ext4
1572535361892460 ,46907392, ext4
1572535361892530 ,46909440, ext4
1572535361892590 ,46911488, ext4
1572535361892660 ,46913536, ext4
1572535361892720 ,46915584, ext4
1572535361892780 ,46917632, ext4
1572535361892890 ,46919680, ext4
1572535361892950 ,46921728, ext4
1572535361893020 ,46923776, ext4
1572535361893090 ,46925824, ext4
1572535361893160 ,46927872, ext4
1572535361893220 ,46929920, ext4
1572535361893280 ,46931968, ext4
1572535361893340 ,46934016, ext4
1572535361893410 ,46936064, ext4
1572535361893470 ,46938112, ext4
1572535361893540 ,46940160, ext4
1572535361893600 ,46942208, ext4
1572535361893670 ,46944256, ext4
1572535361893730 ,46946304, ext4
1572535361893810 ,46948352, ext4
1572535361893880 ,46950400, ext4
1572535361893940 ,46952448, ext4
1572535361894010 ,46954496, ext4
1572535361894070 ,46956544, ext4
1572535361894150 ,46958592, ext4
1572535361894360 ,46960640, ext4
1572535361894430 ,46962688, ext4
1572535361894490 ,46964736, ext4
1572535361894560 ,46966784, ext4
1572535361894620 ,46968832, ext4
1572535361894690 ,46970880, ext4
1572535361894760 ,46972928, ext4
1572535361894830 ,46974976, ext4
1572535361894900 ,46977024, ext4
1572535361894960 ,46979072, ext4
1572535361895020 ,46981120, ext4
1572535361895090 ,46983168, ext4
1572535361895150 ,46985216, ext4
1572535361895220 ,46987264, ext4
1572535361895280 ,46989312, ext4
1572535361895350 ,46991360, ext4
1572535361895410 ,46993408, ext4
1572535361895480 ,46995456, ext4
1572535362012620 ,46997512, ext4
1572535362012690 ,46999560, ext4
1572535362012750 ,47001608, ext4
1572535362012810 ,47003656, ext4
1572535362012900 ,47005704, ext4
1572535362012960 ,47007752, ext4
1572535362013020 ,47009800, ext4
1572535362013080 ,47011848, ext4
1572535362013130 ,47013896, ext4
1572535362013190 ,47015944, ext4
1572535362013250 ,47017992, ext4
1572535362013310 ,47020040, ext4
1572535362013370 ,47022088, ext4
1572535362013430 ,47024136, ext4
1572535362013480 ,47026184, ext4
1572535362013540 ,47028232, ext4
1572535362013600 ,47030280, ext4
1572535362013870 ,47032328, ext4
1572535362013930 ,47034376, ext4
1572535362013990 ,47036424, ext4
1572535362014050 ,47038472, ext4
1572535362014110 ,47040520, ext4
1572535362014160 ,47042568, ext4
1572535362014220 ,47044616, ext4
1572535362014280 ,47046664, ext4
1572535362014340 ,47048712, ext4
1572535362014400 ,47050760, ext4
1572535362014460 ,47052808, ext4
1572535362014520 ,47054856, ext4
1572535362014580 ,47056904, ext4
1572535362014650 ,47058952, ext4
1572535362014710 ,47061000, ext4
1572535362014770 ,47063048, ext4
1572535362014860 ,47065096, ext4
1572535362014920 ,47067144, ext4
1572535362014980 ,47069192, ext4
1572535362015040 ,47071240, ext4
1572535362015090 ,47073288, ext4
1572535362015150 ,47075336, ext4
1572535362015210 ,47077384, ext4
1572535362015270 ,47079432, ext4
1572535362015330 ,47081480, ext4
1572535362015390 ,47083528, ext4
1572535362015440 ,47085576, ext4
1572535362015500 ,47087624, ext4
1572535362015560 ,47089672, ext4
1572535362015620 ,47091720, ext4
1572535362015680 ,47093768, ext4
1572535362015740 ,47095816, ext4
1572535362015820 ,47097864, ext4
1572535362015880 ,47099912, ext4
1572535362015930 ,47101960, ext4
1572535362015990 ,47104008, ext4
1572535362016050 ,47106056, ext4
1572535362016110 ,47108104, ext4
1572535362016170 ,47110152, ext4
1572535362016220 ,47112200, ext4
1572535362016280 ,47114248, ext4
1572535362016340 ,47116296, ext4
1572535362016400 ,47118344, ext4
1572535362016460 ,47120392, ext4
1572535362016520 ,47122440, ext4
1572535362016580 ,47124488, ext4
1572535362016640 ,47126536, ext4
1572535362016700 ,47128584, ext4
1572535362016830 ,47130632, ext4
1572535362016910 ,47132680, ext4
1572535362016970 ,47134728, ext4
1572535362017030 ,47136776, ext4
1572535362017090 ,47138824, ext4
1572535362017150 ,47140872, ext4
1572535362017200 ,47142920, ext4
1572535362017260 ,47144968, ext4
1572535362017320 ,47147016, ext4
1572535362017380 ,47149064, ext4
1572535362017440 ,47151112, ext4
1572535362017500 ,47153160, ext4
1572535362017550 ,47155208, ext4
1572535362017610 ,47157256, ext4
1572535362017670 ,47159304, ext4
1572535362017760 ,47161352, ext4
1572535362017820 ,47163400, ext4
1572535362017880 ,47165448, ext4
1572535362017940 ,47167496, ext4
1572535362018000 ,47169544, ext4
1572535362018060 ,47171592, ext4
1572535362018110 ,47173640, ext4
1572535362018170 ,47175688, ext4
1572535362018230 ,47177736, ext4
1572535362018290 ,47179784, ext4
1572535362018350 ,47181832, ext4
1572535362018410 ,47183880, ext4
1572535362018460 ,47185928, ext4
1572535362018520 ,47187976, ext4
1572535362018580 ,47190024, ext4
1572535362018640 ,47192072, ext4
1572535362018730 ,47194120, ext4
1572535362018790 ,47196168, ext4
1572535362018850 ,47198216, ext4
1572535362018910 ,47200264, ext4
1572535362018970 ,47202312, ext4
1572535362019030 ,47204360, ext4
1572535362019090 ,47206408, ext4
1572535362019140 ,47208456, ext4
1572535362019200 ,47210504, ext4
1572535362019260 ,47212552, ext4
1572535362019320 ,47214600, ext4
1572535362019380 ,47216648, ext4
1572535362019440 ,47218696, ext4
1572535362019490 ,47220744, ext4
1572535362019550 ,47222792, ext4
1572535362019610 ,47224840, ext4
1572535362019670 ,47226888, ext4
1572535362019740 ,47228936, ext4
1572535362019800 ,47230984, ext4
1572535362019860 ,47233032, ext4
1572535362019920 ,47235080, ext4
1572535362019980 ,47237128, ext4
1572535362020030 ,47239176, ext4
1572535362020090 ,47241224, ext4
1572535362020150 ,47243272, ext4
1572535362020210 ,47245320, ext4
1572535362020270 ,47247368, ext4
1572535362020330 ,47249416, ext4
1572535362020390 ,47251464, ext4
1572535362020440 ,47253512, ext4
1572535362020500 ,47255560, ext4
1572535362020560 ,47257608, ext4
1572535362020620 ,47259656, ext4
1572535362020750 ,47261704, ext4
1572535362020810 ,47263752, ext4
1572535362020860 ,47265800, ext4
1572535362020920 ,47267848, ext4
1572535362020980 ,47269896, ext4
1572535362021040 ,47271944, ext4
1572535362021100 ,47273992, ext4
1572535362021160 ,47276040, ext4
1572535362021240 ,47278088, ext4
1572535362021310 ,47280136, ext4
1572535362021360 ,47282184, ext4
1572535362021420 ,47284232, ext4
1572535362021480 ,47286280, ext4
1572535362021540 ,47288328, ext4
1572535362021600 ,47290376, ext4
1572535362021680 ,47292424, ext4
1572535362021740 ,47294472, ext4
1572535362021800 ,47296520, ext4
1572535362021860 ,47298568, ext4
1572535362021920 ,47300616, ext4
1572535362021980 ,47302664, ext4
1572535362022040 ,47304712, ext4
1572535362022090 ,47306760, ext4
1572535362022150 ,47308808, ext4
1572535362022210 ,47310856, ext4
1572535362022270 ,47312904, ext4
1572535362022330 ,47314952, ext4
1572535362022380 ,47317000, ext4
1572535362022440 ,47319048, ext4
1572535362022500 ,47321096, ext4
1572535362022560 ,47323144, ext4
1572535362031230 ,46997504, ext4
1572535362031290 ,47325200, ext4
1572535362031370 ,47327248, ext4
1572535362031440 ,47329296, ext4
1572535362031500 ,47331344, ext4
1572535362031560 ,47333392, ext4
1572535362031620 ,47335440, ext4
1572535362031680 ,47337488, ext4
1572535362031740 ,47339536, ext4
1572535362031800 ,47341584, ext4
1572535362031860 ,47343632, ext4
1572535362031920 ,47345680, ext4
1572535362031980 ,47347728, ext4
1572535362032030 ,47349776, ext4
1572535362032090 ,47351824, ext4
1572535362032150 ,47353872, ext4
1572535362032210 ,47355920, ext4
1572535362032280 ,47357960, ext4
1572535362032340 ,47360008, ext4
1572535362032420 ,47362056, ext4
1572535362032480 ,47364104, ext4
1572535362032540 ,47562752, ext4
1572535362032600 ,47564800, ext4
1572535362032660 ,47566848, ext4
1572535362032720 ,47568896, ext4
1572535362032780 ,47570944, ext4
1572535362032840 ,47572992, ext4
1572535362032900 ,47575040, ext4
1572535362033090 ,47577088, ext4
1572535362033150 ,47579136, ext4
1572535362033210 ,47581184, ext4
1572535362033260 ,47583232, ext4
1572535362033320 ,47585280, ext4
1572535362454110 ,47325192, ext4
1572535362454170 ,47587336, ext4
1572535362454230 ,47589384, ext4
1572535362454290 ,47591432, ext4
1572535362454360 ,47593480, ext4
1572535362454410 ,47595528, ext4
1572535362454480 ,47597576, ext4
1572535362454530 ,47599624, ext4
1572535362454590 ,47601672, ext4
1572535362454650 ,47603720, ext4
1572535362454710 ,47605768, ext4
1572535362454770 ,47607816, ext4
1572535362454830 ,47609864, ext4
1572535362454890 ,47611912, ext4
1572535362454940 ,47613960, ext4
1572535362455030 ,47616008, ext4
1572535362455090 ,47618056, ext4
1572535362455430 ,47620104, ext4
1572535362455490 ,47622152, ext4
1572535362455550 ,47624200, ext4
1572535362455610 ,47626248, ext4
1572535362455670 ,47628296, ext4
1572535362455720 ,47630344, ext4
1572535362455780 ,47632392, ext4
1572535362455840 ,47634440, ext4
1572535362455900 ,47636488, ext4
1572535362456030 ,47638536, ext4
1572535362456110 ,47640584, ext4
1572535362456170 ,47642632, ext4
1572535362456230 ,47644680, ext4
1572535362456300 ,47646728, ext4
1572535362456360 ,47648776, ext4
1572535362456530 ,47650824, ext4
1572535362722330 ,47652872, ext4
1572535362722410 ,47654920, ext4
1572535362722470 ,47656968, ext4
1572535362722530 ,47659016, ext4
1572535362722590 ,47513600, ext4
1572535362722650 ,47515648, ext4
1572535362722700 ,47517696, ext4
1572535362722760 ,47519744, ext4
1572535362722820 ,47521792, ext4
1572535362722880 ,47523840, ext4
1572535362722940 ,47525888, ext4
1572535362722990 ,47527936, ext4
1572535362723050 ,47529984, ext4
1572535362723110 ,47532032, ext4
1572535362723170 ,47534080, ext4
1572535362723230 ,47536128, ext4
1572535362723400 ,47538176, ext4
1572535362723460 ,47540224, ext4
1572535362723510 ,47542272, ext4
1572535362723570 ,47544320, ext4
1572535362723630 ,47448064, ext4
1572535362723690 ,47450112, ext4
1572535362723750 ,47452160, ext4
1572535362723810 ,47454208, ext4
1572535362723860 ,47456256, ext4
1572535362723920 ,47458304, ext4
1572535362723980 ,47460352, ext4
1572535362724040 ,47462400, ext4
1572535362724100 ,47464448, ext4
1572535362724160 ,47466496, ext4
1572535362724220 ,47468544, ext4
1572535362724270 ,47470592, ext4
1572535362996340 ,47472640, ext4
1572535362996400 ,47474688, ext4
1572535362996460 ,47476736, ext4
1572535362996520 ,47478784, ext4
1572535362996580 ,47480832, ext4
1572535362996650 ,47482880, ext4
1572535362996720 ,47484928, ext4
1572535362996770 ,47486976, ext4
1572535362996830 ,47489024, ext4
1572535362996890 ,47491072, ext4
1572535362996950 ,47493120, ext4
1572535362997010 ,47495168, ext4
1572535362997070 ,47497216, ext4
1572535362997130 ,47499264, ext4
1572535362997190 ,47501312, ext4
1572535362997250 ,47503360, ext4
1572535362997430 ,47505408, ext4
1572535362997490 ,47507456, ext4
1572535362997550 ,47509504, ext4
1572535362997610 ,47511552, ext4
1572535362997680 ,47824896, ext4
1572535362997740 ,47826944, ext4
1572535362997800 ,47828992, ext4
1572535362997860 ,47831040, ext4
1572535362997910 ,47833088, ext4
1572535362997970 ,47835136, ext4
1572535362998030 ,47837184, ext4
1572535362998090 ,47839232, ext4
1572535362998150 ,47841280, ext4
1572535362998210 ,47843328, ext4
1572535362998260 ,47845376, ext4
1572535362998320 ,47847424, ext4
1572535363332490 ,47849472, ext4
1572535363332550 ,47851520, ext4
1572535363332620 ,47853568, ext4
1572535363332670 ,47855616, ext4
1572535363332730 ,47857664, ext4
1572535363332790 ,47859712, ext4
1572535363332850 ,47861760, ext4
1572535363332910 ,47863808, ext4
1572535363332970 ,47865856, ext4
1572535363333030 ,47867904, ext4
1572535363333080 ,47869952, ext4
1572535363333140 ,47872000, ext4
1572535363333200 ,47874048, ext4
1572535363333260 ,47876096, ext4
1572535363333320 ,47878144, ext4
1572535363333400 ,47880192, ext4
1572535363333790 ,47882240, ext4
1572535363333850 ,47884288, ext4
1572535363333910 ,47886336, ext4
1572535363333960 ,47888384, ext4
1572535363334020 ,47890432, ext4
1572535363334080 ,47892480, ext4
1572535363334140 ,47894528, ext4
1572535363334200 ,47896576, ext4
1572535363334250 ,47898624, ext4
1572535363334310 ,47900672, ext4
1572535363334440 ,47902720, ext4
1572535363334500 ,47904768, ext4
1572535363334560 ,47906816, ext4
1572535363334620 ,47908864, ext4
1572535363334760 ,47910912, ext4
1572535363334820 ,47912960, ext4
1572535363562250 ,47915008, ext4
1572535363562310 ,47917056, ext4
1572535363562370 ,47919104, ext4
1572535363562430 ,47921152, ext4
1572535363562490 ,47923200, ext4
1572535363562550 ,47925248, ext4
1572535363562600 ,47927296, ext4
1572535363562660 ,47929344, ext4
1572535363562730 ,47931392, ext4
1572535363562790 ,47933440, ext4
1572535363562850 ,47935488, ext4
1572535363562910 ,47937536, ext4
1572535363562970 ,47939584, ext4
1572535363563030 ,47941632, ext4
1572535363563080 ,47943680, ext4
1572535363563140 ,47945728, ext4
1572535363563280 ,47947776, ext4
1572535363563340 ,47949824, ext4
1572535363563400 ,47951872, ext4
1572535363563460 ,47953920, ext4
1572535363563520 ,47955968, ext4
1572535363563570 ,47958016, ext4
1572535363563630 ,47960064, ext4
1572535363563700 ,47962112, ext4
1572535363563760 ,47964160, ext4
1572535363563820 ,47966208, ext4
1572535363563880 ,47968256, ext4
1572535363563940 ,47970304, ext4
1572535365186170 ,47587328, ext4
1572535366479380 ,50732464, ext4
1572535366479390 ,50732472, ext4
1572535366479500 ,50732480, ext4
1572535366718410 ,50732488, ext4
1572535366718420 ,50732496, ext4
1572535366718730 ,50732504, ext4
1572535372432610 ,50732512, ext4
1572535372432630 ,50732520, ext4
1572535372432630 ,50732528, ext4
1572535372432630 ,50732536, ext4
1572535372432630 ,50732544, ext4
1572535372432630 ,50732552, ext4
1572535372432630 ,50732560, ext4
1572535372432630 ,50732568, ext4
1572535372432630 ,50732576, ext4
1572535372432630 ,50732584, ext4
1572535372432630 ,50732592, ext4
1572535372432630 ,50732600, ext4
1572535372432630 ,50732608, ext4
1572535372432630 ,50732616, ext4
1572535372432630 ,50732624, ext4
1572535372432630 ,50732632, ext4
1572535372432830 ,50732640, ext4
1572535395185930 ,8, ext4
1572535395185940 ,16, ext4
1572535395185940 ,12582920, ext4
1572535395185940 ,12583040, ext4
1572535395185940 ,12583536, ext4
1572535395185940 ,12583552, ext4
1572535395185940 ,12659432, ext4
1572535395185940 ,46137352, ext4
1572535395185940 ,46137360, ext4
1572535395185950 ,46137368, ext4
1572535395185950 ,46137376, ext4
1572535395185950 ,46137384, ext4
1572535395185950 ,46137392, ext4
1572535547401510 ,50732648, ext4
1572535547401510 ,50732656, ext4
1572535547401660 ,50732664, ext4
