1572535345769594, 46962688, ext4
1572535345769659, 46964736, ext4
1572535345769725, 46966784, ext4
1572535345769790, 46968832, ext4
1572535345769855, 46970880, ext4
1572535345769920, 46972928, ext4
1572535345769984, 46974976, ext4
1572535345770051, 46977024, ext4
1572535345770115, 46979072, ext4
1572535345770180, 46981120, ext4
1572535345770247, 46983168, ext4
1572535345770313, 46985216, ext4
1572535345770380, 46987264, ext4
1572535345770460, 46989312, ext4
1572535345770534, 46991360, ext4
1572535345770600, 46993408, ext4
1572535345770666, 46995456, ext4
1572535345890646, 46997512, ext4
1572535345890711, 46999560, ext4
1572535345890774, 47001608, ext4
1572535345890832, 47003656, ext4
1572535345890892, 47005704, ext4
1572535345890951, 47007752, ext4
1572535345891031, 47009800, ext4
1572535345891090, 47011848, ext4
1572535345891149, 47013896, ext4
1572535345891207, 47015944, ext4
1572535345891266, 47017992, ext4
1572535345891324, 47020040, ext4
1572535345891383, 47022088, ext4
1572535345891452, 47024136, ext4
1572535345891512, 47026184, ext4
1572535345891570, 47028232, ext4
1572535345891630, 47030280, ext4
1572535345891898, 47032328, ext4
1572535345891958, 47034376, ext4
1572535345892017, 47036424, ext4
1572535345892075, 47038472, ext4
1572535345892133, 47040520, ext4
1572535345892191, 47042568, ext4
1572535345892250, 47044616, ext4
1572535345892310, 47046664, ext4
1572535345892369, 47048712, ext4
1572535345892445, 47050760, ext4
1572535345892505, 47052808, ext4
1572535345892563, 47054856, ext4
1572535345892622, 47056904, ext4
1572535345892679, 47058952, ext4
1572535345892738, 47061000, ext4
1572535345892796, 47063048, ext4
1572535345892910, 47065096, ext4
1572535345892969, 47067144, ext4
1572535345893028, 47069192, ext4
1572535345893086, 47071240, ext4
1572535345893144, 47073288, ext4
1572535345893203, 47075336, ext4
1572535345893261, 47077384, ext4
1572535345893321, 47079432, ext4
1572535345893392, 47081480, ext4
1572535345893451, 47083528, ext4
1572535345893509, 47085576, ext4
1572535345893568, 47087624, ext4
1572535345893627, 47089672, ext4
1572535345893685, 47091720, ext4
1572535345893743, 47093768, ext4
1572535345893802, 47095816, ext4
1572535345893887, 47097864, ext4
1572535345893948, 47099912, ext4
1572535345894006, 47101960, ext4
1572535345894064, 47104008, ext4
1572535345894122, 47106056, ext4
1572535345894180, 47108104, ext4
1572535345894237, 47110152, ext4
1572535345894296, 47112200, ext4
1572535345894367, 47114248, ext4
1572535345894426, 47116296, ext4
1572535345894484, 47118344, ext4
1572535345894543, 47120392, ext4
1572535345894601, 47122440, ext4
1572535345894659, 47124488, ext4
1572535345894718, 47126536, ext4
1572535345894777, 47128584, ext4
1572535345894840, 47130632, ext4
1572535345894898, 47132680, ext4
1572535345894957, 47134728, ext4
1572535345895014, 47136776, ext4
1572535345895073, 47138824, ext4
1572535345895131, 47140872, ext4
1572535345895189, 47142920, ext4
1572535345895248, 47144968, ext4
1572535345895306, 47147016, ext4
1572535345895375, 47149064, ext4
1572535345895436, 47151112, ext4
1572535345895497, 47153160, ext4
1572535345895556, 47155208, ext4
1572535345895617, 47157256, ext4
1572535345895677, 47159304, ext4
1572535345895740, 47161352, ext4
1572535345895808, 47163400, ext4
1572535345895869, 47165448, ext4
1572535345895929, 47167496, ext4
1572535345895988, 47169544, ext4
1572535345896049, 47171592, ext4
1572535345896116, 47173640, ext4
1572535345896177, 47175688, ext4
1572535345896240, 47177736, ext4
1572535345896324, 47179784, ext4
1572535345896404, 47181832, ext4
1572535345896464, 47183880, ext4
1572535345896523, 47185928, ext4
1572535345896582, 47187976, ext4
1572535345896666, 47190024, ext4
1572535345896739, 47192072, ext4
1572535345896817, 47194120, ext4
1572535345896899, 47196168, ext4
1572535345896993, 47198216, ext4
1572535345897052, 47200264, ext4
1572535345897111, 47202312, ext4
1572535345897170, 47204360, ext4
1572535345897228, 47206408, ext4
1572535345897296, 47208456, ext4
1572535345897356, 47210504, ext4
1572535345897415, 47212552, ext4
1572535345897473, 47214600, ext4
1572535345897532, 47216648, ext4
1572535345897589, 47218696, ext4
1572535345897648, 47220744, ext4
1572535345897707, 47222792, ext4
1572535345897766, 47224840, ext4
1572535345897823, 47226888, ext4
1572535345897887, 47228936, ext4
1572535345897944, 47230984, ext4
1572535345898003, 47233032, ext4
1572535345898061, 47235080, ext4
1572535345898119, 47237128, ext4
1572535345898178, 47239176, ext4
1572535345898236, 47241224, ext4
1572535345898304, 47243272, ext4
1572535345898363, 47245320, ext4
1572535345898421, 47247368, ext4
1572535345898479, 47249416, ext4
1572535345898537, 47251464, ext4
1572535345898596, 47253512, ext4
1572535345898655, 47255560, ext4
1572535345898713, 47257608, ext4
1572535345898771, 47259656, ext4
1572535345898835, 47261704, ext4
1572535345898893, 47263752, ext4
1572535345898950, 47265800, ext4
1572535345899009, 47267848, ext4
1572535345899067, 47269896, ext4
1572535345899126, 47271944, ext4
1572535345899184, 47273992, ext4
1572535345899254, 47276040, ext4
1572535345899312, 47278088, ext4
1572535345899371, 47280136, ext4
1572535345899429, 47282184, ext4
1572535345899488, 47284232, ext4
1572535345899546, 47286280, ext4
1572535345899605, 47288328, ext4
1572535345899663, 47290376, ext4
1572535345899721, 47292424, ext4
1572535345899785, 47294472, ext4
1572535345899843, 47296520, ext4
1572535345899901, 47298568, ext4
1572535345899958, 47300616, ext4
1572535345900016, 47302664, ext4
1572535345900075, 47304712, ext4
1572535345900134, 47306760, ext4
1572535345900193, 47308808, ext4
1572535345900269, 47310856, ext4
1572535345900328, 47312904, ext4
1572535345900386, 47314952, ext4
1572535345900443, 47317000, ext4
1572535345900502, 47319048, ext4
1572535345900561, 47321096, ext4
1572535345900619, 47323144, ext4
1572535345991010, 46997504, ext4
1572535345991096, 47325200, ext4
1572535345991175, 47327248, ext4
1572535345991236, 47329296, ext4
1572535345991296, 47331344, ext4
1572535345991355, 47333392, ext4
1572535345991413, 47335440, ext4
1572535345991472, 47337488, ext4
1572535345991530, 47339536, ext4
1572535345991588, 47341584, ext4
1572535345991647, 47343632, ext4
1572535345991706, 47345680, ext4
1572535345991764, 47347728, ext4
1572535345991823, 47349776, ext4
1572535345991882, 47351824, ext4
1572535345991957, 47353872, ext4
1572535345992018, 47355920, ext4
1572535345992089, 47357960, ext4
1572535345992148, 47360008, ext4
1572535345992208, 47362056, ext4
1572535345992269, 47364104, ext4
1572535345992329, 47562752, ext4
1572535345992493, 47564800, ext4
1572535345992554, 47566848, ext4
1572535345992614, 47568896, ext4
1572535345992672, 47570944, ext4
1572535345992730, 47572992, ext4
1572535345992789, 47575040, ext4
1572535345992848, 47577088, ext4
1572535345992909, 47579136, ext4
1572535345993000, 47581184, ext4
1572535345993059, 47583232, ext4
1572535345993118, 47585280, ext4
1572535346327786, 47325192, ext4
1572535346327844, 47587336, ext4
1572535346327906, 47589384, ext4
1572535346327965, 47591432, ext4
1572535346328025, 47593480, ext4
1572535346328083, 47595528, ext4
1572535346328142, 47597576, ext4
1572535346328200, 47599624, ext4
1572535346328259, 47601672, ext4
1572535346328318, 47603720, ext4
1572535346328376, 47605768, ext4
1572535346328434, 47607816, ext4
1572535346328493, 47609864, ext4
1572535346328552, 47611912, ext4
1572535346328610, 47613960, ext4
1572535346328681, 47616008, ext4
1572535346328780, 47618056, ext4
1572535346329498, 47620104, ext4
1572535346329557, 47622152, ext4
1572535346329616, 47624200, ext4
1572535346329686, 47626248, ext4
1572535346329746, 47628296, ext4
1572535346329804, 47630344, ext4
1572535346329862, 47632392, ext4
1572535346329920, 47634440, ext4
1572535346329979, 47636488, ext4
1572535346330037, 47638536, ext4
1572535346330095, 47640584, ext4
1572535346330154, 47642632, ext4
1572535346330213, 47644680, ext4
1572535346330272, 47646728, ext4
1572535346330331, 47648776, ext4
1572535346330389, 47650824, ext4
1572535346621494, 47652872, ext4
1572535346621565, 47654920, ext4
1572535346621624, 47656968, ext4
1572535346621689, 47659016, ext4
1572535346621751, 47513600, ext4
1572535346621819, 47515648, ext4
1572535346621880, 47517696, ext4
1572535346621939, 47519744, ext4
1572535346621998, 47521792, ext4
1572535346622057, 47523840, ext4
1572535346622115, 47525888, ext4
1572535346622174, 47527936, ext4
1572535346622233, 47529984, ext4
1572535346622292, 47532032, ext4
1572535346622352, 47534080, ext4
1572535346622411, 47536128, ext4
1572535346622731, 47538176, ext4
1572535346622790, 47540224, ext4
1572535346622848, 47542272, ext4
1572535346622906, 47544320, ext4
1572535346622964, 47448064, ext4
1572535346623022, 47450112, ext4
1572535346623080, 47452160, ext4
1572535346623138, 47454208, ext4
1572535346623196, 47456256, ext4
1572535346623254, 47458304, ext4
1572535346623312, 47460352, ext4
1572535346623370, 47462400, ext4
1572535346623442, 47464448, ext4
1572535346623502, 47466496, ext4
1572535346623561, 47468544, ext4
1572535346623621, 47470592, ext4
1572535347188358, 47472640, ext4
1572535347188421, 47474688, ext4
1572535347188480, 47476736, ext4
1572535347188552, 47478784, ext4
1572535347188612, 47480832, ext4
1572535347188671, 47482880, ext4
1572535347188729, 47484928, ext4
1572535347188787, 47486976, ext4
1572535347188845, 47489024, ext4
1572535347188904, 47491072, ext4
1572535347188962, 47493120, ext4
1572535347189023, 47495168, ext4
1572535347189081, 47497216, ext4
1572535347189139, 47499264, ext4
1572535347189197, 47501312, ext4
1572535347189255, 47503360, ext4
1572535347189321, 47505408, ext4
1572535347189379, 47507456, ext4
1572535347189438, 47509504, ext4
1572535347189550, 47511552, ext4
1572535347189615, 47824896, ext4
1572535347189748, 47826944, ext4
1572535347189808, 47828992, ext4
1572535347189866, 47831040, ext4
1572535347189925, 47833088, ext4
1572535347189984, 47835136, ext4
1572535347190042, 47837184, ext4
1572535347190101, 47839232, ext4
1572535347190160, 47841280, ext4
1572535347190218, 47843328, ext4
1572535347190277, 47845376, ext4
1572535347190335, 47847424, ext4
1572535347339042, 47849472, ext4
1572535347339104, 47851520, ext4
1572535347339163, 47853568, ext4
1572535347339221, 47855616, ext4
1572535347339281, 47857664, ext4
1572535347339339, 47859712, ext4
1572535347339398, 47861760, ext4
1572535347339456, 47863808, ext4
1572535347339513, 47865856, ext4
1572535347339573, 47867904, ext4
1572535347339630, 47869952, ext4
1572535347339688, 47872000, ext4
1572535347339747, 47874048, ext4
1572535347339824, 47876096, ext4
1572535347339884, 47878144, ext4
1572535347339943, 47880192, ext4
1572535347340008, 47882240, ext4
1572535347340067, 47884288, ext4
1572535347340125, 47886336, ext4
1572535347340184, 47888384, ext4
1572535347340241, 47890432, ext4
1572535347340300, 47892480, ext4
1572535347340359, 47894528, ext4
1572535347340418, 47896576, ext4
1572535347340479, 47898624, ext4
1572535347340537, 47900672, ext4
1572535347340595, 47902720, ext4
1572535347340653, 47904768, ext4
1572535347340714, 47906816, ext4
1572535347340809, 47908864, ext4
1572535347340869, 47910912, ext4
1572535347340928, 47912960, ext4
1572535347609041, 47915008, ext4
1572535347609103, 47917056, ext4
1572535347609176, 47919104, ext4
1572535347609236, 47921152, ext4
1572535347609295, 47923200, ext4
1572535347609353, 47925248, ext4
1572535347609411, 47927296, ext4
1572535347609470, 47929344, ext4
1572535347609530, 47931392, ext4
1572535347609588, 47933440, ext4
1572535347609646, 47935488, ext4
1572535347609704, 47937536, ext4
1572535347609763, 47939584, ext4
1572535347609821, 47941632, ext4
1572535347609880, 47943680, ext4
1572535347609939, 47945728, ext4
1572535347610686, 47947776, ext4
1572535347610748, 47949824, ext4
1572535347610806, 47951872, ext4
1572535347610867, 47953920, ext4
1572535347610925, 47955968, ext4
1572535347610984, 47958016, ext4
1572535347611042, 47960064, ext4
1572535347611100, 47962112, ext4
1572535347611175, 47964160, ext4
1572535347611235, 47966208, ext4
1572535347611293, 47968256, ext4
1572535347611353, 47970304, ext4
1572535349311877, 47587328, ext4
1572535350519799, 50732296, ext4
1572535350519804, 50732304, ext4
1572535350519917, 50732312, ext4
1572535350850191, 50732320, ext4
1572535350850198, 50732328, ext4
1572535350850478, 50732336, ext4
1572535351153951, 12855736, ext4
1572535351153957, 46137352, ext4
1572535351153959, 46137360, ext4
1572535351153961, 46137368, ext4
1572535351153978, 46137376, ext4
1572535351153980, 46137384, ext4
1572535351153981, 46137392, ext4
1572535351153985, 8, ext4
1572535351153987, 16, ext4
1572535351153988, 12582920, ext4
1572535351154063, 46481408, ext4
1572535351154132, 46483456, ext4
1572535351154195, 46485504, ext4
1572535351154258, 46487552, ext4
1572535351154321, 46489600, ext4
1572535351154384, 46491648, ext4
1572535351154445, 46493696, ext4
1572535351154508, 46495744, ext4
1572535351154569, 46497792, ext4
1572535351154631, 46499840, ext4
1572535351154692, 46501888, ext4
1572535351154751, 46503936, ext4
1572535351154811, 46505984, ext4
1572535351155672, 46508032, ext4
1572535351156597, 46510080, ext4
1572535351156674, 46512128, ext4
1572535351156746, 46645248, ext4
1572535351156809, 46647296, ext4
1572535351156876, 46649344, ext4
1572535351156995, 46651392, ext4
1572535351157065, 46653440, ext4
1572535351157132, 46655488, ext4
1572535351157196, 46657536, ext4
1572535351157260, 46659584, ext4
1572535351157328, 46661632, ext4
1572535351157393, 46663680, ext4
1572535351157459, 46665728, ext4
1572535351157529, 46667776, ext4
1572535351157596, 46669824, ext4
1572535351159386, 46671872, ext4
1572535351159462, 46673920, ext4
1572535351159530, 46675968, ext4
1572535351159596, 46678016, ext4
1572535351159665, 46680064, ext4
1572535351159733, 46682112, ext4
1572535351159799, 46684160, ext4
1572535351159890, 46686208, ext4
1572535351159960, 46688256, ext4
1572535351160030, 46690304, ext4
1572535351160095, 46692352, ext4
1572535351160162, 46694400, ext4
1572535351160228, 46696448, ext4
1572535351160295, 46698496, ext4
1572535351160362, 46700544, ext4
1572535351160429, 46702592, ext4
1572535351160502, 46704640, ext4
1572535351160571, 46706688, ext4
1572535351160638, 46708736, ext4
1572535351160713, 46710784, ext4
1572535351160782, 46712832, ext4
1572535351160901, 46714880, ext4
1572535351160968, 46716928, ext4
1572535351161034, 46718976, ext4
1572535351161098, 46721024, ext4
1572535351161161, 46723072, ext4
1572535351161228, 46725120, ext4
1572535351161294, 46727168, ext4
1572535351161359, 46729216, ext4
1572535351161424, 46731264, ext4
1572535351161491, 46733312, ext4
1572535351174340, 46735360, ext4
1572535351174422, 46737408, ext4
1572535351174505, 46739456, ext4
1572535351174582, 46741504, ext4
1572535351174649, 46743552, ext4
1572535351174716, 46745600, ext4
1572535351174781, 46747648, ext4
1572535351174853, 46749696, ext4
1572535351174919, 46751744, ext4
1572535351174992, 46753792, ext4
1572535351175059, 46755840, ext4
1572535351175126, 46757888, ext4
1572535351175196, 46776320, ext4
1572535351175265, 46778368, ext4
1572535351175332, 46780416, ext4
1572535351175399, 46782464, ext4
1572535351175488, 46784512, ext4
1572535351175567, 46786560, ext4
1572535351175635, 46788608, ext4
1572535351175701, 46790656, ext4
1572535351175770, 46792704, ext4
1572535351175836, 46794752, ext4
1572535351175903, 46796800, ext4
1572535351175968, 46798848, ext4
1572535351176034, 46800896, ext4
1572535351176102, 46802944, ext4
1572535351176170, 46804992, ext4
1572535351176237, 46807040, ext4
1572535351176325, 46825472, ext4
1572535351176395, 46827520, ext4
1572535351176489, 46829568, ext4
1572535351176558, 46831616, ext4
1572535351176623, 46833664, ext4
1572535351176699, 46835712, ext4
1572535351176767, 46837760, ext4
1572535351176781, 46839808, ext4
1572535351176848, 46858240, ext4
1572535351176914, 46860288, ext4
1572535351177022, 46862336, ext4
1572535351177088, 46864384, ext4
1572535351177155, 46866432, ext4
1572535351177224, 46868480, ext4
1572535351177290, 46870528, ext4
1572535351177355, 46872576, ext4
1572535351177436, 46907392, ext4
1572535351177504, 46909440, ext4
1572535351177570, 46911488, ext4
1572535351177636, 46913536, ext4
1572535351177702, 46915584, ext4
1572535351177769, 46917632, ext4
1572535351177841, 46919680, ext4
1572535351177907, 46921728, ext4
1572535351177974, 46923776, ext4
1572535351178039, 46925824, ext4
1572535351178106, 46927872, ext4
1572535351178172, 46929920, ext4
1572535351178240, 46931968, ext4
1572535351178308, 46934016, ext4
1572535351178392, 46936064, ext4
1572535351178460, 46938112, ext4
1572535351178519, 46940160, ext4
1572535351189837, 46941920, ext4
1572535351189918, 46943968, ext4
1572535351189984, 46946016, ext4
1572535351190050, 46948064, ext4
1572535351190137, 46950112, ext4
1572535351190208, 46952160, ext4
1572535351190273, 46954208, ext4
1572535351190341, 46956256, ext4
1572535351190408, 46958304, ext4
1572535351190474, 46960352, ext4
1572535351190540, 46962400, ext4
1572535351190606, 46964448, ext4
1572535351190674, 46966496, ext4
1572535351190739, 46968544, ext4
1572535351190807, 46970592, ext4
1572535351190872, 46972640, ext4
1572535351190939, 46974688, ext4
1572535351191013, 46976736, ext4
1572535351191098, 46978784, ext4
1572535351191165, 46980832, ext4
1572535351191234, 46982880, ext4
1572535351191299, 46984928, ext4
1572535351191365, 46986976, ext4
1572535351191432, 46989024, ext4
1572535351191498, 46991072, ext4
1572535351191563, 46993120, ext4
1572535351191630, 46995168, ext4
1572535351191695, 46997216, ext4
1572535351191763, 46999264, ext4
1572535351191854, 47001312, ext4
1572535351191921, 47003360, ext4
1572535351191987, 47005408, ext4
1572535351192064, 47007456, ext4
1572535351192140, 47009504, ext4
1572535351192206, 47011552, ext4
1572535351192271, 47013600, ext4
1572535351192339, 47015648, ext4
1572535351192403, 47017696, ext4
1572535351192470, 47019744, ext4
1572535351192562, 47021792, ext4
1572535351192629, 47023840, ext4
1572535351192695, 47025888, ext4
1572535351192759, 47027936, ext4
1572535351192826, 47029984, ext4
1572535351192894, 47032032, ext4
1572535351192960, 47034080, ext4
1572535351193081, 47036128, ext4
1572535351193148, 47038176, ext4
1572535351303107, 46579712, ext4
1572535351303176, 46581760, ext4
1572535351303236, 46583808, ext4
1572535351303318, 46585856, ext4
1572535351303378, 46587904, ext4
1572535351303440, 46589952, ext4
1572535351303499, 46592000, ext4
1572535351303559, 46594048, ext4
1572535351303619, 46628864, ext4
1572535351303679, 46630912, ext4
1572535351303739, 46632960, ext4
1572535351303817, 46635008, ext4
1572535351303878, 46637056, ext4
1572535351303938, 46639104, ext4
1572535351303997, 46641152, ext4
1572535351304056, 46643200, ext4
1572535351304108, 46840096, ext4
1572535351304320, 47040232, ext4
1572535351304381, 47042280, ext4
1572535351304440, 47044328, ext4
1572535351304499, 47046376, ext4
1572535351304559, 47048424, ext4
1572535351304617, 47050472, ext4
1572535351304676, 47052520, ext4
1572535351304735, 47054568, ext4
1572535351304796, 47056616, ext4
1572535351304854, 47058664, ext4
1572535351304913, 47060712, ext4
1572535351304971, 47062760, ext4
1572535351305029, 47064808, ext4
1572535351305087, 47066856, ext4
1572535351305145, 47068904, ext4
1572535351305203, 47070952, ext4
1572535351305302, 47073000, ext4
1572535351305362, 47075048, ext4
1572535351305421, 47077096, ext4
1572535351305480, 47079144, ext4
1572535351305538, 47081192, ext4
1572535351305596, 47083240, ext4
1572535351305654, 47085288, ext4
1572535351305713, 47087336, ext4
1572535351305772, 47089384, ext4
1572535351305830, 47091432, ext4
1572535351305888, 47093480, ext4
1572535351305946, 47095528, ext4
1572535351306004, 47097576, ext4
1572535351306064, 47099624, ext4
1572535351306123, 47101672, ext4
1572535351306182, 47103720, ext4
1572535351306260, 47105768, ext4
1572535351306319, 47107816, ext4
1572535351306377, 47109864, ext4
1572535351306436, 47111912, ext4
1572535351306494, 47113960, ext4
1572535351306552, 47116008, ext4
1572535351306610, 47118056, ext4
1572535351306669, 47120104, ext4
1572535351306729, 47122152, ext4
1572535351306787, 47124200, ext4
1572535351306845, 47126248, ext4
1572535351306903, 47128296, ext4
1572535351306962, 47130344, ext4
1572535351307019, 47132392, ext4
1572535351307077, 47134440, ext4
1572535351307135, 47136488, ext4
1572535351307217, 47138536, ext4
1572535351307277, 47140584, ext4
1572535351307336, 47142632, ext4
1572535351307394, 47144680, ext4
1572535351307452, 47146728, ext4
1572535351307510, 47148776, ext4
1572535351307568, 47150824, ext4
1572535351307626, 47152872, ext4
1572535351307685, 47154920, ext4
1572535351307746, 47156968, ext4
1572535351307805, 47159016, ext4
1572535351307862, 47161064, ext4
1572535351307921, 47163112, ext4
1572535351307978, 47165160, ext4
1572535351308036, 47167208, ext4
1572535351308094, 47169256, ext4
1572535351308158, 47171304, ext4
1572535351308256, 47173352, ext4
1572535351308315, 47175400, ext4
1572535351308373, 47177448, ext4
1572535351308431, 47179496, ext4
1572535351308489, 47181544, ext4
1572535351308645, 47183592, ext4
1572535351308705, 47185640, ext4
1572535351308765, 47187688, ext4
1572535351308823, 47189736, ext4
1572535351308881, 47191784, ext4
1572535351308939, 47193832, ext4
1572535351308997, 47195880, ext4
1572535351309055, 47197928, ext4
1572535351309113, 47199976, ext4
1572535351309215, 47202024, ext4
1572535351309280, 47204072, ext4
1572535351309338, 47206120, ext4
1572535351309397, 47208168, ext4
1572535351309455, 47210216, ext4
1572535351309513, 47212264, ext4
1572535351309572, 47214312, ext4
1572535351309630, 47216360, ext4
1572535351309688, 47218408, ext4
1572535351309747, 47220456, ext4
1572535351309805, 47222504, ext4
1572535351309881, 47224552, ext4
1572535351309940, 47226600, ext4
1572535351309999, 47228648, ext4
1572535351310057, 47230696, ext4
1572535351310116, 47232744, ext4
1572535351310191, 47234792, ext4
1572535351310256, 47236840, ext4
1572535351310314, 47238888, ext4
1572535351310372, 47240936, ext4
1572535351310430, 47242984, ext4
1572535351310489, 47245032, ext4
1572535351310547, 47247080, ext4
1572535351310606, 47249128, ext4
1572535351310664, 47251176, ext4
1572535351310722, 47253224, ext4
1572535351310781, 47255272, ext4
1572535351310839, 47257320, ext4
1572535351310897, 47259368, ext4
1572535351310954, 47261416, ext4
1572535351311012, 47263464, ext4
1572535351311070, 47265512, ext4
1572535351311144, 47267560, ext4
1572535351311209, 47269608, ext4
1572535351311267, 47271656, ext4
1572535351311325, 47273704, ext4
1572535351311384, 47275752, ext4
1572535351311442, 47277800, ext4
1572535351311501, 47279848, ext4
1572535351311558, 47281896, ext4
1572535351311617, 47283944, ext4
1572535351311675, 47285992, ext4
1572535351311734, 47288040, ext4
1572535351311792, 47290088, ext4
1572535351311850, 47292136, ext4
1572535351311912, 47294184, ext4
1572535351311970, 47296232, ext4
1572535351312028, 47298280, ext4
1572535351312101, 47300328, ext4
1572535351312167, 47302376, ext4
1572535351312225, 47304424, ext4
1572535351312284, 47306472, ext4
1572535351312342, 47308520, ext4
1572535351312400, 47310568, ext4
1572535351312458, 47312616, ext4
1572535351312517, 47314664, ext4
1572535351312591, 47316712, ext4
1572535351312652, 47318760, ext4
1572535351312709, 47320808, ext4
1572535351312769, 47322856, ext4
1572535351312827, 47324904, ext4
1572535351312885, 47326952, ext4
1572535351312943, 47329000, ext4
1572535351313001, 47331048, ext4
1572535351343332, 47040224, ext4
1572535351343392, 47333104, ext4
1572535351343453, 47335152, ext4
1572535351343512, 47337200, ext4
1572535351343571, 47339248, ext4
1572535351343630, 47341296, ext4
1572535351343688, 47343344, ext4
1572535351343748, 47345392, ext4
1572535351343806, 47347440, ext4
1572535351343866, 47349488, ext4
1572535351343925, 47351536, ext4
1572535351343984, 47353584, ext4
1572535351344043, 47355632, ext4
1572535351643020, 47333096, ext4
1572535351643081, 47357672, ext4
1572535351643141, 47359720, ext4
1572535351643202, 47361768, ext4
1572535351643261, 47363816, ext4
1572535351643272, 47365864, ext4
1572535351643329, 47562752, ext4
1572535351643389, 47564800, ext4
1572535351643448, 47566848, ext4
1572535351643507, 47568896, ext4
1572535351643566, 47570944, ext4
1572535351643625, 47572992, ext4
1572535351643683, 47575040, ext4
1572535351643742, 47577088, ext4
1572535351643801, 47579136, ext4
1572535351643859, 47581184, ext4
1572535351643932, 47583232, ext4
1572535351643992, 47585280, ext4
1572535351644285, 47587328, ext4
1572535351644345, 47589376, ext4
1572535351644404, 47591424, ext4
1572535351644462, 47593472, ext4
1572535351644520, 47595520, ext4
1572535351644578, 47597568, ext4
1572535351644636, 47599616, ext4
1572535351644695, 47601664, ext4
1572535351644753, 47603712, ext4
1572535351644813, 47605760, ext4
1572535351644872, 47607808, ext4
1572535351644963, 47609856, ext4
1572535351645024, 47611904, ext4
1572535351645083, 47613952, ext4
1572535351645142, 47616000, ext4
1572535351645200, 47618048, ext4
1572535351935475, 47620096, ext4
1572535351935538, 47622144, ext4
1572535351935598, 47624192, ext4
1572535351935656, 47626240, ext4
1572535351935716, 47628288, ext4
1572535351935791, 47630336, ext4
1572535351935851, 47632384, ext4
1572535351935909, 47634432, ext4
1572535351935969, 47636480, ext4
1572535351936027, 47638528, ext4
1572535351936085, 47640576, ext4
1572535351936144, 47642624, ext4
1572535351936203, 47644672, ext4
1572535351936262, 47646720, ext4
1572535351936321, 47648768, ext4
1572535351936380, 47650816, ext4
1572535351936592, 47652864, ext4
1572535351936650, 47654912, ext4
1572535351936720, 47656960, ext4
1572535351936780, 47659008, ext4
1572535351936838, 47513600, ext4
1572535351936897, 47515648, ext4
1572535351936955, 47517696, ext4
1572535351937014, 47519744, ext4
1572535351937072, 47521792, ext4
1572535351937130, 47523840, ext4
1572535351937187, 47525888, ext4
1572535351937279, 47527936, ext4
1572535351937339, 47529984, ext4
1572535351937398, 47532032, ext4
1572535351937457, 47534080, ext4
1572535351937516, 47536128, ext4
1572535352287495, 47538176, ext4
1572535352287557, 47540224, ext4
1572535352287640, 47542272, ext4
1572535352287700, 47544320, ext4
1572535352287849, 47448064, ext4
1572535352287909, 47450112, ext4
1572535352287968, 47452160, ext4
1572535352288026, 47454208, ext4
1572535352288099, 47456256, ext4
1572535352288158, 47458304, ext4
1572535352288217, 47460352, ext4
1572535352288276, 47462400, ext4
1572535352288335, 47464448, ext4
1572535352288393, 47466496, ext4
1572535352288451, 47468544, ext4
1572535352288509, 47470592, ext4
1572535352288743, 47472640, ext4
1572535352288805, 47474688, ext4
1572535352288864, 47476736, ext4
1572535352288921, 47478784, ext4
1572535352288980, 47480832, ext4
1572535352289081, 47482880, ext4
1572535352289142, 47484928, ext4
1572535352289200, 47486976, ext4
1572535352289258, 47489024, ext4
1572535352289318, 47491072, ext4
1572535352289379, 47493120, ext4
1572535352289437, 47495168, ext4
1572535352289496, 47497216, ext4
1572535352289554, 47499264, ext4
1572535352289612, 47501312, ext4
1572535352289671, 47503360, ext4
1572535353055372, 47505408, ext4
1572535353055437, 47507456, ext4
1572535353055496, 47509504, ext4
1572535353055556, 47511552, ext4
1572535353055632, 47824896, ext4
1572535353055693, 47826944, ext4
1572535353055752, 47828992, ext4
1572535353055810, 47831040, ext4
1572535353055883, 47833088, ext4
1572535353055943, 47835136, ext4
1572535353056002, 47837184, ext4
1572535353056060, 47839232, ext4
1572535353056119, 47841280, ext4
1572535353056205, 47843328, ext4
1572535353056265, 47845376, ext4
1572535353056323, 47847424, ext4
1572535353056697, 47849472, ext4
1572535353056770, 47851520, ext4
1572535353056830, 47853568, ext4
1572535353056888, 47855616, ext4
1572535353056946, 47857664, ext4
1572535353057005, 47859712, ext4
1572535353057097, 47861760, ext4
1572535353057173, 47863808, ext4
1572535353057233, 47865856, ext4
1572535353057305, 47867904, ext4
1572535353057366, 47869952, ext4
1572535353057426, 47872000, ext4
1572535353057486, 47874048, ext4
1572535353057546, 47876096, ext4
1572535353057704, 47878144, ext4
1572535353057764, 47880192, ext4
1572535353166800, 47882240, ext4
1572535353166863, 47884288, ext4
1572535353166921, 47886336, ext4
1572535353166981, 47888384, ext4
1572535353167040, 47890432, ext4
1572535353167098, 47892480, ext4
1572535353167156, 47894528, ext4
1572535353167215, 47896576, ext4
1572535353167273, 47898624, ext4
1572535353167331, 47900672, ext4
1572535353167390, 47902720, ext4
1572535353167463, 47904768, ext4
1572535353167524, 47906816, ext4
1572535353167583, 47908864, ext4
1572535353167642, 47910912, ext4
1572535353167701, 47912960, ext4
1572535353167766, 47915008, ext4
1572535353167824, 47917056, ext4
1572535353167882, 47919104, ext4
1572535353167940, 47921152, ext4
1572535353167998, 47923200, ext4
1572535353168056, 47925248, ext4
1572535353168114, 47927296, ext4
1572535353168173, 47929344, ext4
1572535353168232, 47931392, ext4
1572535353168289, 47933440, ext4
1572535353168347, 47935488, ext4
1572535353168405, 47937536, ext4
1572535353168477, 47939584, ext4
1572535353168536, 47941632, ext4
1572535353168594, 47943680, ext4
1572535353168653, 47945728, ext4
1572535353451757, 47947776, ext4
1572535353451821, 47949824, ext4
1572535353451879, 47951872, ext4
1572535353451938, 47953920, ext4
1572535353451997, 47955968, ext4
1572535353452056, 47958016, ext4
1572535353452114, 47960064, ext4
1572535353452172, 47962112, ext4
1572535353452231, 47964160, ext4
1572535353452291, 47966208, ext4
1572535353452349, 47968256, ext4
1572535353452408, 47970304, ext4
1572535356097851, 50732344, ext4
1572535356097857, 50732352, ext4
1572535356097970, 50732360, ext4
1572535356324617, 50732368, ext4
1572535356324623, 50732376, ext4
1572535356324810, 50732384, ext4
1572535356570363, 46481408, ext4
1572535356570436, 46483456, ext4
1572535356570499, 46485504, ext4
1572535356570563, 46487552, ext4
1572535356570624, 46489600, ext4
1572535356570688, 46491648, ext4
1572535356570808, 46493696, ext4
1572535356570880, 46495744, ext4
1572535356570943, 46497792, ext4
1572535356571010, 46499840, ext4
1572535356571081, 46501888, ext4
1572535356571142, 46503936, ext4
1572535356571201, 46505984, ext4
1572535356571262, 46508032, ext4
1572535356571321, 46510080, ext4
1572535356571382, 46512128, ext4
1572535356647184, 50732392, ext4
1572535356647188, 50732400, ext4
1572535356647287, 50732408, ext4
1572535356750868, 50732416, ext4
1572535356750874, 50732424, ext4
1572535356751023, 50732432, ext4
1572535356880000, 46579712, ext4
1572535356880069, 46581760, ext4
1572535356880162, 46583808, ext4
1572535356880226, 46585856, ext4
1572535356880285, 46587904, ext4
1572535356880347, 46589952, ext4
1572535356880406, 46592000, ext4
1572535356880467, 46594048, ext4
1572535356880526, 46628864, ext4
1572535356880587, 46630912, ext4
1572535356880647, 46632960, ext4
1572535356880706, 46635008, ext4
1572535356880765, 46637056, ext4
1572535356880824, 46639104, ext4
1572535356880883, 46641152, ext4
1572535356880942, 46643200, ext4
1572535356881002, 46645248, ext4
1572535356882936, 46647296, ext4
1572535356883710, 46649344, ext4
1572535356885331, 46651392, ext4
1572535356885431, 46653440, ext4
1572535356885505, 46655488, ext4
1572535356885582, 46657536, ext4
1572535356885658, 46659584, ext4
1572535356885737, 46661632, ext4
1572535356885804, 46663680, ext4
1572535356885872, 46665728, ext4
1572535356885941, 46667776, ext4
1572535356886029, 46669824, ext4
1572535356886096, 46671872, ext4
1572535356886168, 46673920, ext4
1572535356886236, 46675968, ext4
1572535356886304, 46678016, ext4
1572535356886511, 46680064, ext4
1572535356886578, 46682112, ext4
1572535356886645, 46684160, ext4
1572535356886713, 46686208, ext4
1572535356886780, 46688256, ext4
1572535356886849, 46690304, ext4
1572535356886913, 46692352, ext4
1572535356886998, 46694400, ext4
1572535356887066, 46696448, ext4
1572535356887132, 46698496, ext4
1572535356887196, 46700544, ext4
1572535356887263, 46702592, ext4
1572535356887328, 46704640, ext4
1572535356887395, 46706688, ext4
1572535356887460, 46708736, ext4
1572535356887526, 46710784, ext4
1572535356887600, 46712832, ext4
1572535356887667, 46714880, ext4
1572535356887732, 46716928, ext4
1572535356887799, 46718976, ext4
1572535356887865, 46721024, ext4
1572535356887950, 46723072, ext4
1572535356888020, 46725120, ext4
1572535356888087, 46727168, ext4
1572535356888154, 46729216, ext4
1572535356888220, 46731264, ext4
1572535356888287, 46733312, ext4
1572535356908887, 46735360, ext4
1572535356908966, 46737408, ext4
1572535356909030, 46739456, ext4
1572535356909098, 46741504, ext4
1572535356909160, 46743552, ext4
1572535356909226, 46745600, ext4
1572535356909289, 46747648, ext4
1572535356909355, 46749696, ext4
1572535356909434, 46751744, ext4
1572535356909499, 46753792, ext4
1572535356909563, 46755840, ext4
1572535356909628, 46757888, ext4
1572535356909691, 46776320, ext4
1572535356909754, 46778368, ext4
1572535356909819, 46780416, ext4
1572535356909882, 46782464, ext4
1572535356909945, 46784512, ext4
1572535356910017, 46786560, ext4
1572535356910081, 46788608, ext4
1572535356910145, 46790656, ext4
1572535356910215, 46792704, ext4
1572535356910279, 46794752, ext4
1572535356910343, 46796800, ext4
1572535356910420, 46798848, ext4
1572535356910484, 46800896, ext4
1572535356910547, 46802944, ext4
1572535356910612, 46804992, ext4
1572535356910677, 46807040, ext4
1572535356910742, 46825472, ext4
1572535356910806, 46827520, ext4
1572535356910870, 46829568, ext4
1572535356910933, 46831616, ext4
1572535356910997, 46833664, ext4
1572535356911068, 46835712, ext4
1572535356911132, 46837760, ext4
1572535356911197, 46839808, ext4
1572535356911261, 46858240, ext4
1572535356911326, 46860288, ext4
1572535356911404, 46862336, ext4
1572535356911470, 46864384, ext4
1572535356911533, 46866432, ext4
1572535356911597, 46868480, ext4
1572535356911660, 46870528, ext4
1572535356911725, 46872576, ext4
1572535356911791, 46907392, ext4
1572535356911854, 46909440, ext4
1572535356911917, 46911488, ext4
1572535356912010, 46913536, ext4
1572535356912075, 46915584, ext4
1572535356912145, 46917632, ext4
1572535356912211, 46919680, ext4
1572535356912276, 46921728, ext4
1572535356912358, 46923776, ext4
1572535356912426, 46925824, ext4
1572535356912492, 46927872, ext4
1572535356912557, 46929920, ext4
1572535356912623, 46931968, ext4
1572535356912687, 46934016, ext4
1572535356912752, 46936064, ext4
1572535356912861, 46938112, ext4
1572535356934873, 46940160, ext4
1572535356934946, 46942208, ext4
1572535356935015, 46944256, ext4
1572535356935080, 46946304, ext4
1572535356935146, 46948352, ext4
1572535356935210, 46950400, ext4
1572535356935278, 46952448, ext4
1572535356935343, 46954496, ext4
1572535356935408, 46956544, ext4
1572535356935474, 46958592, ext4
1572535356935539, 46960640, ext4
1572535356935604, 46962688, ext4
1572535356935668, 46964736, ext4
1572535356935734, 46966784, ext4
1572535356935818, 46968832, ext4
1572535356935883, 46970880, ext4
1572535356935947, 46972928, ext4
1572535356936022, 46974976, ext4
1572535356936086, 46977024, ext4
1572535356936151, 46979072, ext4
1572535356936215, 46981120, ext4
1572535356936299, 46983168, ext4
1572535356936365, 46985216, ext4
1572535356936429, 46987264, ext4
1572535356936493, 46989312, ext4
1572535356936558, 46991360, ext4
1572535356936622, 46993408, ext4
1572535356936686, 46995456, ext4
1572535356936764, 46997504, ext4
1572535356936830, 46999552, ext4
1572535356936897, 47001600, ext4
1572535356936962, 47003648, ext4
1572535356937026, 47005696, ext4
1572535356937097, 47007744, ext4
1572535356937161, 47009792, ext4
1572535356937264, 47011840, ext4
1572535356937330, 47013888, ext4
1572535356937394, 47015936, ext4
1572535356937460, 47017984, ext4
1572535356937523, 47020032, ext4
1572535356937587, 47022080, ext4
1572535356937650, 47024128, ext4
1572535356937727, 47026176, ext4
1572535356937791, 47028224, ext4
1572535356937856, 47030272, ext4
1572535356937920, 47032320, ext4
1572535356937985, 47034368, ext4
1572535356938048, 47036416, ext4
1572535356938112, 47038464, ext4
1572535356938181, 47040512, ext4
1572535356938256, 47042560, ext4
1572535356938322, 47044608, ext4
1572535356938387, 47046656, ext4
1572535356938450, 47048704, ext4
1572535356938514, 47050752, ext4
1572535356938579, 47052800, ext4
1572535356938642, 47054848, ext4
1572535357010991, 46481408, ext4
1572535357011072, 46483456, ext4
1572535357011140, 46485504, ext4
1572535357011209, 46487552, ext4
1572535357011274, 46489600, ext4
1572535357011343, 46491648, ext4
1572535357011406, 46493696, ext4
1572535357011471, 46495744, ext4
1572535357011535, 46497792, ext4
1572535357011599, 46499840, ext4
1572535357011660, 46501888, ext4
1572535357011754, 46503936, ext4
1572535357011815, 46505984, ext4
1572535357011893, 46508032, ext4
1572535357011956, 46510080, ext4
1572535357012020, 46512128, ext4
1572535357012081, 47056904, ext4
1572535357012598, 47058952, ext4
1572535357012914, 47061000, ext4
1572535357012976, 47063048, ext4
1572535357013036, 47065096, ext4
1572535357013311, 47067144, ext4
1572535357013372, 47069192, ext4
1572535357013649, 47071240, ext4
1572535357013711, 47073288, ext4
1572535357013769, 47075336, ext4
1572535357014056, 47077384, ext4
1572535357014121, 47079432, ext4
1572535357014187, 47081480, ext4
1572535357014467, 47083528, ext4
1572535357014527, 47085576, ext4
1572535357014827, 47087624, ext4
1572535357014891, 47089672, ext4
1572535357015175, 47091720, ext4
1572535357015235, 47093768, ext4
1572535357015294, 47095816, ext4
1572535357015521, 47097864, ext4
1572535357015593, 47099912, ext4
1572535357015655, 47101960, ext4
1572535357015744, 47104008, ext4
1572535357015844, 47106056, ext4
1572535357015955, 47108104, ext4
1572535357016023, 47110152, ext4
1572535357016090, 47112200, ext4
1572535357016150, 47114248, ext4
1572535357016214, 47116296, ext4
1572535357016289, 47118344, ext4
1572535357016470, 47120392, ext4
1572535357016550, 47122440, ext4
1572535357016637, 47124488, ext4
1572535357016799, 47126536, ext4
1572535357016896, 47128584, ext4
1572535357016973, 47130632, ext4
1572535357017036, 47132680, ext4
1572535357017168, 47134728, ext4
1572535357017245, 47136776, ext4
1572535357017327, 47138824, ext4
1572535357017645, 47140872, ext4
1572535357017797, 47142920, ext4
1572535357017862, 47144968, ext4
1572535357017932, 47147016, ext4
1572535357017992, 47149064, ext4
1572535357018061, 47151112, ext4
1572535357018120, 47153160, ext4
1572535357018189, 47155208, ext4
1572535357018260, 47157256, ext4
1572535357018329, 47159304, ext4
1572535357018678, 47161352, ext4
1572535357018751, 47163400, ext4
1572535357018812, 47165448, ext4
1572535357018870, 47167496, ext4
1572535357018928, 47169544, ext4
1572535357018986, 47171592, ext4
1572535357019044, 47173640, ext4
1572535357019103, 47175688, ext4
1572535357019162, 47177736, ext4
1572535357019219, 47179784, ext4
1572535357019277, 47181832, ext4
1572535357019335, 47183880, ext4
1572535357019394, 47185928, ext4
1572535357019452, 47187976, ext4
1572535357019516, 47190024, ext4
1572535357019575, 47192072, ext4
1572535357019634, 47194120, ext4
1572535357019702, 47196168, ext4
1572535357019762, 47198216, ext4
1572535357019819, 47200264, ext4
1572535357019878, 47202312, ext4
1572535357019936, 47204360, ext4
1572535357019996, 47206408, ext4
1572535357020057, 47208456, ext4
1572535357020115, 47210504, ext4
1572535357020176, 47212552, ext4
1572535357020234, 47214600, ext4
1572535357020314, 47216648, ext4
1572535357020372, 47218696, ext4
1572535357020429, 47220744, ext4
1572535357020493, 47222792, ext4
1572535357020553, 47224840, ext4
1572535357020610, 47226888, ext4
1572535357020687, 47228936, ext4
1572535357020816, 47230984, ext4
1572535357020878, 47233032, ext4
1572535357020938, 47235080, ext4
1572535357020998, 47237128, ext4
1572535357021058, 47239176, ext4
1572535357021120, 47241224, ext4
1572535357021181, 47243272, ext4
1572535357021241, 47245320, ext4
1572535357021301, 47247368, ext4
1572535357021362, 47249416, ext4
1572535357021424, 47251464, ext4
1572535357021482, 47253512, ext4
1572535357021552, 47255560, ext4
1572535357021614, 47257608, ext4
1572535357021711, 47259656, ext4
1572535357021774, 47261704, ext4
1572535357021836, 47263752, ext4
1572535357021896, 47265800, ext4
1572535357021956, 47267848, ext4
1572535357022015, 47269896, ext4
1572535357022075, 47271944, ext4
1572535357022135, 47273992, ext4
1572535357022194, 47276040, ext4
1572535357022253, 47278088, ext4
1572535357022312, 47280136, ext4
1572535357022370, 47282184, ext4
1572535357022428, 47284232, ext4
1572535357022487, 47286280, ext4
1572535357022551, 47288328, ext4
1572535357022622, 47290376, ext4
1572535357022681, 47292424, ext4
1572535357022740, 47294472, ext4
1572535357022798, 47296520, ext4
1572535357022857, 47298568, ext4
1572535357022915, 47300616, ext4
1572535357022973, 47302664, ext4
1572535357023031, 47304712, ext4
1572535357023090, 47306760, ext4
1572535357023147, 47308808, ext4
1572535357023206, 47310856, ext4
1572535357023264, 47312904, ext4
1572535357023322, 47314952, ext4
1572535357023380, 47317000, ext4
1572535357023438, 47319048, ext4
1572535357023502, 47321096, ext4
1572535357023561, 47323144, ext4
1572535357023631, 47325192, ext4
1572535357023690, 47327240, ext4
1572535357023748, 47329288, ext4
1572535357023806, 47331336, ext4
1572535357023866, 47333384, ext4
1572535357023923, 47335432, ext4
1572535357023982, 47337480, ext4
1572535357024040, 47339528, ext4
1572535357024099, 47341576, ext4
1572535357024156, 47343624, ext4
1572535357024215, 47345672, ext4
1572535357024272, 47347720, ext4
1572535357024330, 47349768, ext4
1572535357074395, 47056896, ext4
1572535357074471, 47351824, ext4
1572535357074537, 47353872, ext4
1572535357074596, 47355920, ext4
1572535357285494, 47351816, ext4
1572535357285554, 47357960, ext4
1572535357285615, 47360008, ext4
1572535357285674, 47362056, ext4
1572535357285732, 47364104, ext4
1572535357285791, 47562752, ext4
1572535357285850, 47564800, ext4
1572535357285909, 47566848, ext4
1572535357285967, 47568896, ext4
1572535357286025, 47570944, ext4
1572535357286083, 47572992, ext4
1572535357286155, 47575040, ext4
1572535357286214, 47577088, ext4
1572535357286273, 47579136, ext4
1572535357286332, 47581184, ext4
1572535357286391, 47583232, ext4
1572535357286449, 47585280, ext4
1572535357286772, 47587328, ext4
1572535357286831, 47589376, ext4
1572535357286889, 47591424, ext4
1572535357286948, 47593472, ext4
1572535357287005, 47595520, ext4
1572535357287064, 47597568, ext4
1572535357287152, 47599616, ext4
1572535357287215, 47601664, ext4
1572535357287273, 47603712, ext4
1572535357287332, 47605760, ext4
1572535357287390, 47607808, ext4
1572535357287448, 47609856, ext4
1572535357287507, 47611904, ext4
1572535357287565, 47613952, ext4
1572535357287624, 47616000, ext4
1572535357287682, 47618048, ext4
1572535357547548, 47620096, ext4
1572535357547611, 47622144, ext4
1572535357547670, 47624192, ext4
1572535357547740, 47626240, ext4
1572535357547800, 47628288, ext4
1572535357547858, 47630336, ext4
1572535357547917, 47632384, ext4
1572535357547975, 47634432, ext4
1572535357548033, 47636480, ext4
1572535357548091, 47638528, ext4
1572535357548149, 47640576, ext4
1572535357548208, 47642624, ext4
1572535357548266, 47644672, ext4
1572535357548326, 47646720, ext4
1572535357548385, 47648768, ext4
1572535357548444, 47650816, ext4
1572535357548619, 47652864, ext4
1572535357548688, 47654912, ext4
1572535357548748, 47656960, ext4
1572535357548806, 47659008, ext4
1572535357548864, 47513600, ext4
1572535357548923, 47515648, ext4
1572535357548982, 47517696, ext4
1572535357549040, 47519744, ext4
1572535357549099, 47521792, ext4
1572535357549206, 47523840, ext4
1572535357549269, 47525888, ext4
1572535357549329, 47527936, ext4
1572535357549389, 47529984, ext4
1572535357549561, 47532032, ext4
1572535357549620, 47534080, ext4
1572535357549688, 47536128, ext4
1572535357867141, 47538176, ext4
1572535357867204, 47540224, ext4
1572535357867264, 47542272, ext4
1572535357867322, 47544320, ext4
1572535357867382, 47448064, ext4
1572535357867440, 47450112, ext4
1572535357867499, 47452160, ext4
1572535357867557, 47454208, ext4
1572535357867616, 47456256, ext4
1572535357867675, 47458304, ext4
1572535357867733, 47460352, ext4
1572535357867791, 47462400, ext4
1572535357867880, 47464448, ext4
1572535357867941, 47466496, ext4
1572535357867999, 47468544, ext4
1572535357868057, 47470592, ext4
1572535357868743, 47472640, ext4
1572535357868813, 47474688, ext4
1572535357868873, 47476736, ext4
1572535357868931, 47478784, ext4
1572535357868990, 47480832, ext4
1572535357869048, 47482880, ext4
1572535357869107, 47484928, ext4
1572535357869165, 47486976, ext4
1572535357869222, 47489024, ext4
1572535357869313, 47491072, ext4
1572535357869372, 47493120, ext4
1572535357869432, 47495168, ext4
1572535357869490, 47497216, ext4
1572535357869549, 47499264, ext4
1572535357869608, 47501312, ext4
1572535357869666, 47503360, ext4
1572535358741627, 47505408, ext4
1572535358741692, 47507456, ext4
1572535358741751, 47509504, ext4
1572535358741810, 47511552, ext4
1572535358741869, 47824896, ext4
1572535358741928, 47826944, ext4
1572535358741987, 47828992, ext4
1572535358742044, 47831040, ext4
1572535358742102, 47833088, ext4
1572535358742160, 47835136, ext4
1572535358742219, 47837184, ext4
1572535358742277, 47839232, ext4
1572535358742351, 47841280, ext4
1572535358742412, 47843328, ext4
1572535358742471, 47845376, ext4
1572535358742529, 47847424, ext4
1572535358742745, 47849472, ext4
1572535358742803, 47851520, ext4
1572535358742862, 47853568, ext4
1572535358742921, 47855616, ext4
1572535358742979, 47857664, ext4
1572535358743037, 47859712, ext4
1572535358743095, 47861760, ext4
1572535358743153, 47863808, ext4
1572535358743211, 47865856, ext4
1572535358743270, 47867904, ext4
1572535358743341, 47869952, ext4
1572535358743400, 47872000, ext4
1572535358743458, 47874048, ext4
1572535358743517, 47876096, ext4
1572535358743576, 47878144, ext4
1572535358743634, 47880192, ext4
1572535358867469, 47882240, ext4
1572535358867535, 47884288, ext4
1572535358867594, 47886336, ext4
1572535358867656, 47888384, ext4
1572535358867713, 47890432, ext4
1572535358867772, 47892480, ext4
1572535358867830, 47894528, ext4
1572535358867888, 47896576, ext4
1572535358867946, 47898624, ext4
1572535358868005, 47900672, ext4
1572535358868063, 47902720, ext4
1572535358868121, 47904768, ext4
1572535358868180, 47906816, ext4
1572535358868253, 47908864, ext4
1572535358868313, 47910912, ext4
1572535358868371, 47912960, ext4
1572535358868437, 47915008, ext4
1572535358868495, 47917056, ext4
1572535358868553, 47919104, ext4
1572535358868611, 47921152, ext4
1572535358868670, 47923200, ext4
1572535358868730, 47925248, ext4
1572535358868789, 47927296, ext4
1572535358868846, 47929344, ext4
1572535358868904, 47931392, ext4
1572535358868962, 47933440, ext4
1572535358869021, 47935488, ext4
1572535358869079, 47937536, ext4
1572535358869137, 47939584, ext4
1572535358869230, 47941632, ext4
1572535358869290, 47943680, ext4
1572535358869348, 47945728, ext4
1572535359035874, 47947776, ext4
1572535359035938, 47949824, ext4
1572535359035996, 47951872, ext4
1572535359036057, 47953920, ext4
1572535359036128, 47955968, ext4
1572535359036189, 47958016, ext4
1572535359036247, 47960064, ext4
1572535359036306, 47962112, ext4
1572535359036364, 47964160, ext4
1572535359036422, 47966208, ext4
1572535359036481, 47968256, ext4
1572535359036541, 47970304, ext4
1572535361550072, 50732440, ext4
1572535361550078, 50732448, ext4
1572535361550186, 50732456, ext4
1572535361879595, 46481408, ext4
1572535361879668, 46483456, ext4
1572535361879732, 46485504, ext4
1572535361879796, 46487552, ext4
1572535361879859, 46489600, ext4
1572535361879922, 46491648, ext4
1572535361879987, 46493696, ext4
1572535361880048, 46495744, ext4
1572535361880131, 46497792, ext4
1572535361880194, 46499840, ext4
1572535361880254, 46501888, ext4
1572535361880314, 46503936, ext4
1572535361880372, 46505984, ext4
1572535361880432, 46508032, ext4
1572535361880492, 46510080, ext4
1572535361880552, 46512128, ext4
1572535361880611, 46579712, ext4
1572535361881068, 46581760, ext4
1572535361881904, 46583808, ext4
1572535361881997, 46585856, ext4
1572535361882094, 46587904, ext4
1572535361882178, 46589952, ext4
1572535361882254, 46592000, ext4
1572535361882337, 46594048, ext4
1572535361882416, 46628864, ext4
1572535361882494, 46630912, ext4
1572535361882571, 46632960, ext4
1572535361882677, 46635008, ext4
1572535361882746, 46637056, ext4
1572535361882816, 46639104, ext4
1572535361882886, 46641152, ext4
1572535361882957, 46643200, ext4
1572535361884386, 46645248, ext4
1572535361884469, 46647296, ext4
1572535361884544, 46649344, ext4
1572535361884608, 46651392, ext4
1572535361884673, 46653440, ext4
1572535361884737, 46655488, ext4
1572535361884803, 46657536, ext4
1572535361884884, 46659584, ext4
1572535361884955, 46661632, ext4
1572535361886660, 46663680, ext4
1572535361886751, 46665728, ext4
1572535361886823, 46667776, ext4
1572535361886892, 46669824, ext4
1572535361887017, 46671872, ext4
1572535361887091, 46673920, ext4
1572535361887161, 46675968, ext4
1572535361887230, 46678016, ext4
1572535361887309, 46680064, ext4
1572535361887374, 46682112, ext4
1572535361887441, 46684160, ext4
1572535361887509, 46686208, ext4
1572535361887574, 46688256, ext4
1572535361887640, 46690304, ext4
1572535361887705, 46692352, ext4
1572535361887771, 46694400, ext4
1572535361887836, 46696448, ext4
1572535361887903, 46698496, ext4
1572535361888035, 46700544, ext4
1572535361888111, 46702592, ext4
1572535361888176, 46704640, ext4
1572535361888242, 46706688, ext4
1572535361888308, 46708736, ext4
1572535361888374, 46710784, ext4
1572535361888447, 46712832, ext4
1572535361888566, 46714880, ext4
1572535361888635, 46716928, ext4
1572535361888699, 46718976, ext4
1572535361888767, 46721024, ext4
1572535361888832, 46723072, ext4
1572535361888972, 46725120, ext4
1572535361889047, 46727168, ext4
1572535361889119, 46729216, ext4
1572535361889183, 46731264, ext4
1572535361889250, 46733312, ext4
1572535361889325, 46735360, ext4
1572535361889402, 46737408, ext4
1572535361889469, 46739456, ext4
1572535361889537, 46741504, ext4
1572535361889602, 46743552, ext4
1572535361889679, 46745600, ext4
1572535361889744, 46747648, ext4
1572535361889811, 46749696, ext4
1572535361889976, 46751744, ext4
1572535361890047, 46753792, ext4
1572535361890112, 46755840, ext4
1572535361890176, 46757888, ext4
1572535361890237, 46776320, ext4
1572535361890304, 46778368, ext4
1572535361890365, 46780416, ext4
1572535361890425, 46782464, ext4
1572535361890486, 46784512, ext4
1572535361890546, 46786560, ext4
1572535361890610, 46788608, ext4
1572535361890669, 46790656, ext4
1572535361890736, 46792704, ext4
1572535361890808, 46794752, ext4
1572535361890919, 46796800, ext4
1572535361890986, 46798848, ext4
1572535361891051, 46800896, ext4
1572535361891112, 46802944, ext4
1572535361891174, 46804992, ext4
1572535361891238, 46807040, ext4
1572535361891302, 46825472, ext4
1572535361891368, 46827520, ext4
1572535361891429, 46829568, ext4
1572535361891491, 46831616, ext4
1572535361891553, 46833664, ext4
1572535361891616, 46835712, ext4
1572535361891680, 46837760, ext4
1572535361891744, 46839808, ext4
1572535361891805, 46858240, ext4
1572535361891972, 46860288, ext4
1572535361892037, 46862336, ext4
1572535361892099, 46864384, ext4
1572535361892161, 46866432, ext4
1572535361892225, 46868480, ext4
1572535361892290, 46870528, ext4
1572535361892355, 46872576, ext4
1572535361892468, 46907392, ext4
1572535361892537, 46909440, ext4
1572535361892599, 46911488, ext4
1572535361892660, 46913536, ext4
1572535361892723, 46915584, ext4
1572535361892785, 46917632, ext4
1572535361892890, 46919680, ext4
1572535361892959, 46921728, ext4
1572535361893025, 46923776, ext4
1572535361893096, 46925824, ext4
1572535361893160, 46927872, ext4
1572535361893225, 46929920, ext4
1572535361893287, 46931968, ext4
1572535361893349, 46934016, ext4
1572535361893412, 46936064, ext4
1572535361893474, 46938112, ext4
1572535361893540, 46940160, ext4
1572535361893609, 46942208, ext4
1572535361893674, 46944256, ext4
1572535361893738, 46946304, ext4
1572535361893819, 46948352, ext4
1572535361893883, 46950400, ext4
1572535361893947, 46952448, ext4
1572535361894013, 46954496, ext4
1572535361894078, 46956544, ext4
1572535361894150, 46958592, ext4
1572535361894368, 46960640, ext4
1572535361894434, 46962688, ext4
1572535361894499, 46964736, ext4
1572535361894562, 46966784, ext4
1572535361894626, 46968832, ext4
1572535361894690, 46970880, ext4
1572535361894767, 46972928, ext4
1572535361894835, 46974976, ext4
1572535361894900, 46977024, ext4
1572535361894964, 46979072, ext4
1572535361895027, 46981120, ext4
1572535361895092, 46983168, ext4
1572535361895156, 46985216, ext4
1572535361895221, 46987264, ext4
1572535361895284, 46989312, ext4
1572535361895353, 46991360, ext4
1572535361895418, 46993408, ext4
1572535361895481, 46995456, ext4
1572535362012626, 46997512, ext4
1572535362012691, 46999560, ext4
1572535362012753, 47001608, ext4
1572535362012812, 47003656, ext4
1572535362012901, 47005704, ext4
1572535362012962, 47007752, ext4
1572535362013021, 47009800, ext4
1572535362013080, 47011848, ext4
1572535362013139, 47013896, ext4
1572535362013197, 47015944, ext4
1572535362013255, 47017992, ext4
1572535362013314, 47020040, ext4
1572535362013372, 47022088, ext4
1572535362013431, 47024136, ext4
1572535362013489, 47026184, ext4
1572535362013548, 47028232, ext4
1572535362013607, 47030280, ext4
1572535362013875, 47032328, ext4
1572535362013935, 47034376, ext4
1572535362013994, 47036424, ext4
1572535362014053, 47038472, ext4
1572535362014110, 47040520, ext4
1572535362014168, 47042568, ext4
1572535362014227, 47044616, ext4
1572535362014285, 47046664, ext4
1572535362014345, 47048712, ext4
1572535362014404, 47050760, ext4
1572535362014463, 47052808, ext4
1572535362014524, 47054856, ext4
1572535362014583, 47056904, ext4
1572535362014658, 47058952, ext4
1572535362014718, 47061000, ext4
1572535362014777, 47063048, ext4
1572535362014864, 47065096, ext4
1572535362014923, 47067144, ext4
1572535362014982, 47069192, ext4
1572535362015040, 47071240, ext4
1572535362015099, 47073288, ext4
1572535362015158, 47075336, ext4
1572535362015217, 47077384, ext4
1572535362015274, 47079432, ext4
1572535362015334, 47081480, ext4
1572535362015391, 47083528, ext4
1572535362015449, 47085576, ext4
1572535362015508, 47087624, ext4
1572535362015567, 47089672, ext4
1572535362015626, 47091720, ext4
1572535362015685, 47093768, ext4
1572535362015743, 47095816, ext4
1572535362015820, 47097864, ext4
1572535362015880, 47099912, ext4
1572535362015938, 47101960, ext4
1572535362015996, 47104008, ext4
1572535362016054, 47106056, ext4
1572535362016112, 47108104, ext4
1572535362016171, 47110152, ext4
1572535362016229, 47112200, ext4
1572535362016288, 47114248, ext4
1572535362016346, 47116296, ext4
1572535362016404, 47118344, ext4
1572535362016462, 47120392, ext4
1572535362016520, 47122440, ext4
1572535362016580, 47124488, ext4
1572535362016640, 47126536, ext4
1572535362016702, 47128584, ext4
1572535362016835, 47130632, ext4
1572535362016914, 47132680, ext4
1572535362016974, 47134728, ext4
1572535362017033, 47136776, ext4
1572535362017092, 47138824, ext4
1572535362017150, 47140872, ext4
1572535362017209, 47142920, ext4
1572535362017266, 47144968, ext4
1572535362017326, 47147016, ext4
1572535362017384, 47149064, ext4
1572535362017442, 47151112, ext4
1572535362017501, 47153160, ext4
1572535362017559, 47155208, ext4
1572535362017617, 47157256, ext4
1572535362017677, 47159304, ext4
1572535362017761, 47161352, ext4
1572535362017827, 47163400, ext4
1572535362017886, 47165448, ext4
1572535362017944, 47167496, ext4
1572535362018003, 47169544, ext4
1572535362018060, 47171592, ext4
1572535362018119, 47173640, ext4
1572535362018177, 47175688, ext4
1572535362018236, 47177736, ext4
1572535362018295, 47179784, ext4
1572535362018354, 47181832, ext4
1572535362018411, 47183880, ext4
1572535362018469, 47185928, ext4
1572535362018528, 47187976, ext4
1572535362018586, 47190024, ext4
1572535362018643, 47192072, ext4
1572535362018732, 47194120, ext4
1572535362018797, 47196168, ext4
1572535362018856, 47198216, ext4
1572535362018914, 47200264, ext4
1572535362018974, 47202312, ext4
1572535362019032, 47204360, ext4
1572535362019090, 47206408, ext4
1572535362019148, 47208456, ext4
1572535362019207, 47210504, ext4
1572535362019265, 47212552, ext4
1572535362019323, 47214600, ext4
1572535362019381, 47216648, ext4
1572535362019440, 47218696, ext4
1572535362019498, 47220744, ext4
1572535362019556, 47222792, ext4
1572535362019615, 47224840, ext4
1572535362019672, 47226888, ext4
1572535362019748, 47228936, ext4
1572535362019806, 47230984, ext4
1572535362019865, 47233032, ext4
1572535362019923, 47235080, ext4
1572535362019981, 47237128, ext4
1572535362020039, 47239176, ext4
1572535362020097, 47241224, ext4
1572535362020155, 47243272, ext4
1572535362020214, 47245320, ext4
1572535362020272, 47247368, ext4
1572535362020331, 47249416, ext4
1572535362020390, 47251464, ext4
1572535362020449, 47253512, ext4
1572535362020507, 47255560, ext4
1572535362020565, 47257608, ext4
1572535362020624, 47259656, ext4
1572535362020751, 47261704, ext4
1572535362020811, 47263752, ext4
1572535362020869, 47265800, ext4
1572535362020927, 47267848, ext4
1572535362020986, 47269896, ext4
1572535362021044, 47271944, ext4
1572535362021103, 47273992, ext4
1572535362021162, 47276040, ext4
1572535362021249, 47278088, ext4
1572535362021310, 47280136, ext4
1572535362021368, 47282184, ext4
1572535362021427, 47284232, ext4
1572535362021486, 47286280, ext4
1572535362021544, 47288328, ext4
1572535362021603, 47290376, ext4
1572535362021684, 47292424, ext4
1572535362021749, 47294472, ext4
1572535362021808, 47296520, ext4
1572535362021866, 47298568, ext4
1572535362021924, 47300616, ext4
1572535362021982, 47302664, ext4
1572535362022040, 47304712, ext4
1572535362022098, 47306760, ext4
1572535362022156, 47308808, ext4
1572535362022215, 47310856, ext4
1572535362022272, 47312904, ext4
1572535362022330, 47314952, ext4
1572535362022388, 47317000, ext4
1572535362022447, 47319048, ext4
1572535362022506, 47321096, ext4
1572535362022564, 47323144, ext4
1572535362031236, 46997504, ext4
1572535362031296, 47325200, ext4
1572535362031373, 47327248, ext4
1572535362031449, 47329296, ext4
1572535362031509, 47331344, ext4
1572535362031568, 47333392, ext4
1572535362031627, 47335440, ext4
1572535362031686, 47337488, ext4
1572535362031745, 47339536, ext4
1572535362031804, 47341584, ext4
1572535362031862, 47343632, ext4
1572535362031921, 47345680, ext4
1572535362031980, 47347728, ext4
1572535362032039, 47349776, ext4
1572535362032097, 47351824, ext4
1572535362032156, 47353872, ext4
1572535362032217, 47355920, ext4
1572535362032287, 47357960, ext4
1572535362032346, 47360008, ext4
1572535362032423, 47362056, ext4
1572535362032483, 47364104, ext4
1572535362032541, 47562752, ext4
1572535362032601, 47564800, ext4
1572535362032661, 47566848, ext4
1572535362032721, 47568896, ext4
1572535362032781, 47570944, ext4
1572535362032843, 47572992, ext4
1572535362032903, 47575040, ext4
1572535362033091, 47577088, ext4
1572535362033151, 47579136, ext4
1572535362033210, 47581184, ext4
1572535362033269, 47583232, ext4
1572535362033329, 47585280, ext4
1572535362454111, 47325192, ext4
1572535362454174, 47587336, ext4
1572535362454238, 47589384, ext4
1572535362454298, 47591432, ext4
1572535362454360, 47593480, ext4
1572535362454419, 47595528, ext4
1572535362454480, 47597576, ext4
1572535362454538, 47599624, ext4
1572535362454598, 47601672, ext4
1572535362454657, 47603720, ext4
1572535362454715, 47605768, ext4
1572535362454773, 47607816, ext4
1572535362454832, 47609864, ext4
1572535362454890, 47611912, ext4
1572535362454949, 47613960, ext4
1572535362455037, 47616008, ext4
1572535362455098, 47618056, ext4
1572535362455435, 47620104, ext4
1572535362455495, 47622152, ext4
1572535362455554, 47624200, ext4
1572535362455611, 47626248, ext4
1572535362455670, 47628296, ext4
1572535362455728, 47630344, ext4
1572535362455787, 47632392, ext4
1572535362455845, 47634440, ext4
1572535362455904, 47636488, ext4
1572535362456038, 47638536, ext4
1572535362456111, 47640584, ext4
1572535362456174, 47642632, ext4
1572535362456239, 47644680, ext4
1572535362456301, 47646728, ext4
1572535362456365, 47648776, ext4
1572535362456535, 47650824, ext4
1572535362722335, 47652872, ext4
1572535362722413, 47654920, ext4
1572535362722473, 47656968, ext4
1572535362722532, 47659016, ext4
1572535362722590, 47513600, ext4
1572535362722650, 47515648, ext4
1572535362722707, 47517696, ext4
1572535362722766, 47519744, ext4
1572535362722824, 47521792, ext4
1572535362722882, 47523840, ext4
1572535362722941, 47525888, ext4
1572535362722999, 47527936, ext4
1572535362723058, 47529984, ext4
1572535362723117, 47532032, ext4
1572535362723175, 47534080, ext4
1572535362723234, 47536128, ext4
1572535362723401, 47538176, ext4
1572535362723461, 47540224, ext4
1572535362723519, 47542272, ext4
1572535362723577, 47544320, ext4
1572535362723635, 47448064, ext4
1572535362723693, 47450112, ext4
1572535362723751, 47452160, ext4
1572535362723810, 47454208, ext4
1572535362723869, 47456256, ext4
1572535362723927, 47458304, ext4
1572535362723986, 47460352, ext4
1572535362724044, 47462400, ext4
1572535362724102, 47464448, ext4
1572535362724163, 47466496, ext4
1572535362724221, 47468544, ext4
1572535362724279, 47470592, ext4
1572535362996344, 47472640, ext4
1572535362996409, 47474688, ext4
1572535362996468, 47476736, ext4
1572535362996527, 47478784, ext4
1572535362996586, 47480832, ext4
1572535362996659, 47482880, ext4
1572535362996720, 47484928, ext4
1572535362996778, 47486976, ext4
1572535362996836, 47489024, ext4
1572535362996897, 47491072, ext4
1572535362996955, 47493120, ext4
1572535362997014, 47495168, ext4
1572535362997072, 47497216, ext4
1572535362997131, 47499264, ext4
1572535362997191, 47501312, ext4
1572535362997250, 47503360, ext4
1572535362997436, 47505408, ext4
1572535362997495, 47507456, ext4
1572535362997554, 47509504, ext4
1572535362997612, 47511552, ext4
1572535362997682, 47824896, ext4
1572535362997743, 47826944, ext4
1572535362997802, 47828992, ext4
1572535362997861, 47831040, ext4
1572535362997919, 47833088, ext4
1572535362997977, 47835136, ext4
1572535362998034, 47837184, ext4
1572535362998092, 47839232, ext4
1572535362998151, 47841280, ext4
1572535362998210, 47843328, ext4
1572535362998268, 47845376, ext4
1572535362998326, 47847424, ext4
1572535363332496, 47849472, ext4
1572535363332558, 47851520, ext4
1572535363332620, 47853568, ext4
1572535363332678, 47855616, ext4
1572535363332737, 47857664, ext4
1572535363332796, 47859712, ext4
1572535363332854, 47861760, ext4
1572535363332913, 47863808, ext4
1572535363332971, 47865856, ext4
1572535363333031, 47867904, ext4
1572535363333089, 47869952, ext4
1572535363333148, 47872000, ext4
1572535363333206, 47874048, ext4
1572535363333264, 47876096, ext4
1572535363333322, 47878144, ext4
1572535363333409, 47880192, ext4
1572535363333792, 47882240, ext4
1572535363333852, 47884288, ext4
1572535363333910, 47886336, ext4
1572535363333969, 47888384, ext4
1572535363334027, 47890432, ext4
1572535363334085, 47892480, ext4
1572535363334142, 47894528, ext4
1572535363334200, 47896576, ext4
1572535363334258, 47898624, ext4
1572535363334317, 47900672, ext4
1572535363334446, 47902720, ext4
1572535363334508, 47904768, ext4
1572535363334568, 47906816, ext4
1572535363334629, 47908864, ext4
1572535363334764, 47910912, ext4
1572535363334822, 47912960, ext4
1572535363562250, 47915008, ext4
1572535363562314, 47917056, ext4
1572535363562374, 47919104, ext4
1572535363562433, 47921152, ext4
1572535363562492, 47923200, ext4
1572535363562550, 47925248, ext4
1572535363562609, 47927296, ext4
1572535363562667, 47929344, ext4
1572535363562737, 47931392, ext4
1572535363562797, 47933440, ext4
1572535363562856, 47935488, ext4
1572535363562914, 47937536, ext4
1572535363562973, 47939584, ext4
1572535363563031, 47941632, ext4
1572535363563089, 47943680, ext4
1572535363563148, 47945728, ext4
1572535363563287, 47947776, ext4
1572535363563346, 47949824, ext4
1572535363563404, 47951872, ext4
1572535363563462, 47953920, ext4
1572535363563520, 47955968, ext4
1572535363563579, 47958016, ext4
1572535363563637, 47960064, ext4
1572535363563706, 47962112, ext4
1572535363563765, 47964160, ext4
1572535363563824, 47966208, ext4
1572535363563883, 47968256, ext4
1572535363563942, 47970304, ext4
1572535365186170, 47587328, ext4
1572535366479386, 50732464, ext4
1572535366479392, 50732472, ext4
1572535366479508, 50732480, ext4
1572535366718415, 50732488, ext4
1572535366718425, 50732496, ext4
1572535366718736, 50732504, ext4
1572535372432614, 50732512, ext4
1572535372432632, 50732520, ext4
1572535372432633, 50732528, ext4
1572535372432634, 50732536, ext4
1572535372432634, 50732544, ext4
1572535372432634, 50732552, ext4
1572535372432634, 50732560, ext4
1572535372432635, 50732568, ext4
1572535372432635, 50732576, ext4
1572535372432636, 50732584, ext4
1572535372432636, 50732592, ext4
1572535372432637, 50732600, ext4
1572535372432637, 50732608, ext4
1572535372432637, 50732616, ext4
1572535372432638, 50732624, ext4
1572535372432638, 50732632, ext4
1572535372432834, 50732640, ext4
1572535395185937, 8, ext4
1572535395185940, 16, ext4
1572535395185941, 12582920, ext4
1572535395185943, 12583040, ext4
1572535395185944, 12583536, ext4
1572535395185945, 12583552, ext4
1572535395185947, 12659432, ext4
1572535395185948, 46137352, ext4
1572535395185949, 46137360, ext4
1572535395185950, 46137368, ext4
1572535395185951, 46137376, ext4
1572535395185952, 46137384, ext4
1572535395185953, 46137392, ext4
1572535547401510, 50732648, ext4
1572535547401516, 50732656, ext4
1572535547401664, 50732664, ext4
